code_insee,code_pat
"43067","43"
"43106","43"
"43003","43"
"43131","43"
"43107","43"
"43057","43"
"43063","43"
"43183","43"
"43208","43"
"43252","43"
"43138","43"
"43071","43"
"43189","43"
"43023","43"
"43108","43"
"43196","43"
"43228","43"
"63039","43"
"63221","43"
"63309","43"
"63371","43"
"63412","43"
"63465","43"
"43093","43"
"43214","43"
"43117","43"
"43219","43"
"43237","43"
"43100","43"
"43250","43"
"43027","43"
"43076","43"
"43105","43"
"43035","43"
"43048","43"
"43073","43"
"43052","43"
"43128","43"
"43059","43"
"43116","43"
"63312","43"
"63139","43"
"63218","43"
"43193","43"
"63137","43"
"63398","43"
"63029","43"
"43016","43"
"63088","43"
"63156","43"
"63340","43"
"63366","43"
"63367","43"
"63415","43"
"63439","43"
"63003","43"
"63027","43"
"63104","43"
"63147","43"
"63173","43"
"63319","43"
"63331","43"
"63374","43"
"63394","43"
"42121","43"
"42205","43"
"42298","43"
"63023","43"
"63037","43"
"63056","43"
"63065","43"
"63086","43"
"63132","43"
"63136","43"
"63161","43"
"63174","43"
"63177","43"
"63179","43"
"63205","43"
"63207","43"
"63216","43"
"63258","43"
"63280","43"
"63334","43"
"63423","43"
"63441","43"
"63472","43"
"63158","43"
"63010","43"
"63256","43"
"63323","43"
"63079","43"
"63324","43"
"63328","43"
"63105","43"
"63211","43"
"63076","43"
"63162","43"
"63002","43"
"63081","43"
"63142","43"
"63230","43"
"63119","43"
"63337","43"
"63314","43"
"63145","43"
"63341","43"
"63348","43"
"63353","43"
"63389","43"
"63431","43"
"63442","43"
"63448","43"
"63021","43"
"63026","43"
"63123","43"
"63120","43"
"63214","43"
"63126","43"
"63084","43"
"63069","43"
"63070","43"
"63124","43"
"63032","43"
"63014","43"
"63193","43"
"63113","43"
"63075","43"
"63019","43"
"63141","43"
"63204","43"
"63042","43"
"63254","43"
"63259","43"
"63262","43"
"63263","43"
"63272","43"
"63302","43"
"63306","43"
"63307","43"
"63308","43"
"63315","43"
"63345","43"
"63395","43"
"63396","43"
"63413","43"
"63425","43"
"63455","43"
"63284","43"
"63227","43"
"63273","43"
"63226","43"
"63378","43"
"63213","43"
"63350","43"
"63107","43"
"63188","43"
"63059","43"
"63325","43"
"63106","43"
"63180","43"
"63034","43"
"63368","43"
"63040","43"
"63096","43"
"63405","43"
"63049","43"
"63131","43"
"63194","43"
"63420","43"
"63229","43"
"63154","43"
"63239","43"
"63297","43"
"63195","43"
"63168","43"
"63146","43"
"63296","43"
"63157","43"
"63457","43"
"63057","43"
"42159","43"
"42045","43"
"42040","43"
"42039","43"
"63298","43"
"63384","43"
"63454","43"
"63463","43"
"63468","43"
"63164","43"
"63063","43"
"63200","43"
"63322","43"
"63203","43"
"63099","43"
"63224","43"
"63089","43"
"63212","43"
"63300","43"
"63148","43"
"63245","43"
"63150","43"
"63112","43"
"63103","43"
"63278","43"
"63327","43"
"63215","43"
"63244","43"
"63108","43"
"63443","43"
"63008","43"
"63066","43"
"63072","43"
"63231","43"
"63267","43"
"63058","43"
"63128","43"
"63149","43"
"63362","43"
"63372","43"
"63424","43"
"63461","43"
"63102","43"
"63138","43"
"63184","43"
"63253","43"
"63271","43"
"63291","43"
"63301","43"
"63393","43"
"63402","43"
"63265","43"
"63045","43"
"63044","43"
"63365","43"
"63252","43"
"63364","43"
"63155","43"
"63276","43"
"63418","43"
"63249","43"
"63430","43"
"63343","43"
"63125","43"
"63151","43"
"63414","43"
"63434","43"
"63015","43"
"63016","43"
"63310","43"
"63355","43"
"63260","43"
"63438","43"
"63469","43"
"63381","43"
"63290","43"
"63092","43"
"63083","43"
"63417","43"
"63470","43"
"03113","5"
"03165","5"
"03201","5"
"03125","5"
"03066","5"
"03141","5"
"03006","5"
"03224","5"
"03050","5"
"03139","5"
"03248","5"
"03080","5"
"03252","5"
"03110","5"
"03044","5"
"03304","5"
"03271","5"
"03023","5"
"03060","5"
"03310","5"
"03094","5"
"03236","5"
"03001","5"
"03126","5"
"03095","5"
"03093","5"
"03273","5"
"03306","5"
"03264","5"
"03163","5"
"03045","5"
"03033","5"
"03174","5"
"03008","5"
"03056","5"
"03068","5"
"03258","5"
"03029","5"
"03157","5"
"26035","31"
"26299","31"
"26246","31"
"26113","31"
"26159","31"
"26086","31"
"26142","31"
"26168","31"
"38204","31"
"38226","31"
"38321","31"
"38366","31"
"38424","31"
"38456","31"
"38514","31"
"26364","31"
"38092","31"
"26117","31"
"26074","31"
"26069","31"
"26309","31"
"26315","31"
"26290","31"
"26282","31"
"38103","31"
"38186","31"
"38129","31"
"38090","31"
"38187","31"
"38113","31"
"38115","31"
"38023","31"
"38208","31"
"38127","31"
"38235","31"
"38242","31"
"38243","31"
"38277","31"
"38301","31"
"38342","31"
"38355","31"
"38391","31"
"38403","31"
"38419","31"
"38429","31"
"38513","31"
"38548","31"
"26100","31"
"26141","31"
"26163","31"
"26240","31"
"26066","31"
"26221","31"
"26223","31"
"26270","31"
"26320","31"
"26307","31"
"26359","31"
"26059","31"
"26291","31"
"26308","31"
"26217","31"
"26316","31"
"38018","31"
"26175","31"
"26311","31"
"26302","31"
"38319","31"
"38334","31"
"38120","31"
"38350","31"
"38404","31"
"38422","31"
"38430","31"
"38478","31"
"38529","31"
"38538","31"
"38567","31"
"38438","31"
"38492","31"
"38545","31"
"38388","31"
"38364","31"
"38436","31"
"38445","31"
"38279","31"
"38071","31"
"38562","31"
"38524","31"
"38252","31"
"38200","31"
"38528","31"
"38111","31"
"38068","31"
"38059","31"
"38317","31"
"38057","31"
"38409","31"
"38108","31"
"38356","31"
"38322","31"
"38333","31"
"38205","31"
"38225","31"
"38195","31"
"38216","31"
"38117","31"
"38345","31"
"38338","31"
"38248","31"
"38390","31"
"38443","31"
"38450","31"
"38453","31"
"38517","31"
"38540","31"
"38188","31"
"38151","31"
"38433","31"
"38158","31"
"38486","31"
"38309","31"
"38153","31"
"38485","31"
"38185","31"
"38421","31"
"38179","31"
"38533","31"
"38271","31"
"38169","31"
"38229","31"
"38516","31"
"38474","31"
"38150","31"
"38423","31"
"38249","31"
"38126","31"
"38382","31"
"38163","31"
"38439","31"
"38006","31"
"38078","31"
"38314","31"
"38426","31"
"38268","31"
"73017","31"
"38214","31"
"38418","31"
"38075","31"
"38175","31"
"38503","31"
"38206","31"
"38070","31"
"38511","31"
"38303","31"
"38466","31"
"38501","31"
"38002","31"
"38166","31"
"38027","31"
"38417","31"
"38192","31"
"38181","31"
"38504","31"
"38062","31"
"38100","31"
"73087","31"
"73151","31"
"73160","31"
"73183","31"
"73225","31"
"38281","31"
"38432","31"
"38133","31"
"38386","31"
"38383","31"
"38061","31"
"38228","31"
"38407","31"
"38362","31"
"38170","31"
"38405","31"
"38258","31"
"38236","31"
"38412","31"
"38325","31"
"38328","31"
"38442","31"
"38155","31"
"38472","31"
"38376","31"
"38471","31"
"38045","31"
"38397","31"
"38446","31"
"38431","31"
"38395","31"
"38039","31"
"38140","31"
"38547","31"
"38565","31"
"73092","31"
"73105","31"
"73107","31"
"73229","31"
"73246","31"
"73274","31"
"73275","31"
"38239","31"
"38084","31"
"38337","31"
"38331","31"
"38368","31"
"38270","31"
"38105","31"
"38082","31"
"38222","31"
"38043","31"
"38373","31"
"38400","31"
"38563","31"
"38566","31"
"38292","31"
"38256","31"
"38080","31"
"38460","31"
"38531","31"
"38372","31"
"38564","31"
"73233","31"
"73022","31"
"73033","31"
"73228","31"
"73282","31"
"73326","31"
"15216","18"
"15241","18"
"15007","18"
"15065","18"
"15073","18"
"15002","18"
"15077","18"
"15059","18"
"15005","18"
"15188","18"
"15187","18"
"15164","18"
"15248","18"
"15055","18"
"15053","18"
"15086","18"
"15112","18"
"15139","18"
"15026","18"
"15033","18"
"15106","18"
"15142","18"
"15078","18"
"15045","18"
"15060","18"
"15121","18"
"15108","18"
"15034","18"
"15107","18"
"15051","18"
"15148","18"
"15149","18"
"15152","18"
"15168","18"
"15198","18"
"15199","18"
"15201","18"
"15209","18"
"15232","18"
"15235","18"
"15245","18"
"15262","18"
"15244","18"
"15004","18"
"15231","18"
"15161","18"
"15259","18"
"15125","18"
"15237","18"
"15130","18"
"15097","18"
"15251","18"
"15229","18"
"26193","21"
"26026","21"
"26263","21"
"26200","21"
"26154","21"
"26126","21"
"26239","21"
"26127","21"
"26022","21"
"26063","21"
"26242","21"
"26189","21"
"26153","21"
"26201","21"
"26050","21"
"26199","21"
"26161","21"
"26244","21"
"26013","21"
"26227","21"
"26209","21"
"26267","21"
"26278","21"
"26279","21"
"26286","21"
"26288","21"
"26292","21"
"26303","21"
"26329","21"
"26340","21"
"26369","21"
"26370","21"
"26374","21"
"26375","21"
"26188","21"
"26236","21"
"26233","21"
"26182","21"
"26082","21"
"26190","21"
"26220","21"
"26238","21"
"26016","21"
"26112","21"
"26130","21"
"26256","21"
"26269","21"
"26304","21"
"26317","21"
"26348","21"
"26350","21"
"26367","21"
"26377","21"
"26245","21"
"26105","21"
"26075","21"
"26215","21"
"26012","21"
"26376","21"
"26202","21"
"26276","21"
"26363","21"
"26373","21"
"26364","22"
"26117","22"
"26074","22"
"26309","22"
"26315","22"
"26290","22"
"26163","22"
"26066","22"
"26223","22"
"26270","22"
"26320","22"
"26307","22"
"26059","22"
"26217","22"
"26316","22"
"26331","22"
"26311","22"
"26302","22"
"38114","32"
"38107","32"
"38110","32"
"38087","32"
"38008","32"
"38031","32"
"38128","32"
"38132","32"
"38204","32"
"38226","32"
"38241","32"
"38299","32"
"38321","32"
"38329","32"
"38366","32"
"38414","32"
"38424","32"
"38456","32"
"38469","32"
"38470","32"
"38514","32"
"38092","32"
"38103","32"
"38186","32"
"38129","32"
"38090","32"
"38187","32"
"38113","32"
"38115","32"
"38023","32"
"38208","32"
"38127","32"
"38116","32"
"38217","32"
"38224","32"
"38235","32"
"38242","32"
"38243","32"
"38254","32"
"38265","32"
"38266","32"
"38277","32"
"38280","32"
"38301","32"
"38326","32"
"38342","32"
"38355","32"
"38361","32"
"38391","32"
"38403","32"
"38419","32"
"38429","32"
"38513","32"
"38548","32"
"38018","32"
"38319","32"
"38264","32"
"38334","32"
"38212","32"
"38207","32"
"38283","32"
"38120","32"
"38350","32"
"38286","32"
"38285","32"
"38073","32"
"38154","32"
"38005","32"
"38052","32"
"38177","32"
"38289","32"
"38191","32"
"38020","32"
"38253","32"
"38173","32"
"38375","32"
"38112","32"
"38237","32"
"38040","32"
"38404","32"
"38413","32"
"38422","32"
"38428","32"
"38430","32"
"38444","32"
"38478","32"
"38489","32"
"38518","32"
"38521","32"
"38522","32"
"38527","32"
"38529","32"
"38538","32"
"38549","32"
"38550","32"
"38551","32"
"38552","32"
"38567","32"
"38313","32"
"38269","32"
"38438","32"
"38497","32"
"38273","32"
"38499","32"
"38492","32"
"38396","32"
"38304","32"
"38462","32"
"38106","32"
"38402","32"
"38545","32"
"38388","32"
"38203","32"
"38364","32"
"38436","32"
"38445","32"
"38279","32"
"38071","32"
"38562","32"
"38524","32"
"38252","32"
"38200","32"
"38528","32"
"38111","32"
"38068","32"
"38059","32"
"38317","32"
"38057","32"
"38095","32"
"38245","32"
"38359","32"
"38370","32"
"38394","32"
"38409","32"
"38410","32"
"38495","32"
"38108","32"
"38356","32"
"38322","32"
"38333","32"
"38205","32"
"38225","32"
"38036","32"
"38195","32"
"38216","32"
"38117","32"
"38345","32"
"38033","32"
"38272","32"
"38338","32"
"38004","32"
"38278","32"
"38310","32"
"38275","32"
"38074","32"
"38248","32"
"38086","32"
"38137","32"
"38330","32"
"38263","32"
"38060","32"
"38171","32"
"38390","32"
"38416","32"
"38443","32"
"38450","32"
"38453","32"
"38454","32"
"38463","32"
"38500","32"
"38517","32"
"38523","32"
"38526","32"
"38540","32"
"38559","32"
"38188","32"
"38151","32"
"38433","32"
"38158","32"
"38486","32"
"38309","32"
"38153","32"
"38485","32"
"38185","32"
"38421","32"
"38179","32"
"38533","32"
"38271","32"
"38169","32"
"38229","32"
"38516","32"
"38474","32"
"38150","32"
"38423","32"
"38249","32"
"38126","32"
"38382","32"
"38099","32"
"38041","32"
"38255","32"
"38221","32"
"38209","32"
"38219","32"
"38347","32"
"38360","32"
"38379","32"
"38440","32"
"38561","32"
"38051","32"
"38349","32"
"38072","32"
"38003","32"
"38468","32"
"38009","32"
"38496","32"
"38556","32"
"38298","32"
"38344","32"
"38425","32"
"38452","32"
"38077","32"
"38163","32"
"38439","32"
"38006","32"
"38078","32"
"38314","32"
"38426","32"
"38268","32"
"38214","32"
"38418","32"
"38075","32"
"38175","32"
"38503","32"
"38206","32"
"38070","32"
"38511","32"
"38303","32"
"38466","32"
"38501","32"
"38002","32"
"38166","32"
"38027","32"
"38417","32"
"38192","32"
"38181","32"
"38504","32"
"38062","32"
"38100","32"
"38281","32"
"38432","32"
"38133","32"
"38386","32"
"38383","32"
"38061","32"
"38228","32"
"38407","32"
"38362","32"
"38170","32"
"38405","32"
"38258","32"
"38236","32"
"38412","32"
"38325","32"
"38328","32"
"38442","32"
"38155","32"
"38472","32"
"38376","32"
"38471","32"
"38045","32"
"38397","32"
"38446","32"
"38431","32"
"38395","32"
"38039","32"
"38140","32"
"38547","32"
"38565","32"
"38239","32"
"38308","32"
"38332","32"
"38030","32"
"38194","32"
"38084","32"
"38337","32"
"38331","32"
"38174","32"
"38182","32"
"38042","32"
"38118","32"
"38368","32"
"38013","32"
"38270","32"
"38105","32"
"38082","32"
"38287","32"
"38213","32"
"38063","32"
"38065","32"
"38222","32"
"38046","32"
"38159","32"
"38043","32"
"38038","32"
"38373","32"
"38380","32"
"38384","32"
"38387","32"
"38393","32"
"38400","32"
"38427","32"
"38437","32"
"38490","32"
"38563","32"
"38566","32"
"38093","32"
"38032","32"
"38034","32"
"38198","32"
"38056","32"
"38058","32"
"38290","32"
"38218","32"
"38291","32"
"38300","32"
"38037","32"
"38311","32"
"38307","32"
"38130","32"
"38180","32"
"38240","32"
"38161","32"
"38284","32"
"38049","32"
"38259","32"
"38267","32"
"38134","32"
"38066","32"
"38069","32"
"38232","32"
"38211","32"
"38160","32"
"38094","32"
"38167","32"
"38157","32"
"38238","32"
"38324","32"
"38335","32"
"38346","32"
"38358","32"
"38363","32"
"38399","32"
"38406","32"
"38457","32"
"38473","32"
"38476","32"
"38479","32"
"38505","32"
"38555","32"
"38017","32"
"38019","32"
"38101","32"
"38353","32"
"38244","32"
"38378","32"
"38536","32"
"38448","32"
"38131","32"
"38340","32"
"38336","32"
"38459","32"
"38199","32"
"38544","32"
"38318","32"
"38484","32"
"38487","32"
"38215","32"
"38558","32"
"38162","32"
"38050","32"
"38292","32"
"38296","32"
"38089","32"
"38022","32"
"38520","32"
"38029","32"
"38357","32"
"38124","32"
"38434","32"
"38001","32"
"38256","32"
"38080","32"
"38104","32"
"38183","32"
"38012","32"
"38460","32"
"38323","32"
"38343","32"
"38531","32"
"38315","32"
"38398","32"
"38372","32"
"38420","32"
"38354","32"
"38564","32"
"38455","32"
"38348","32"
"38374","32"
"38091","32"
"38498","32"
"38481","32"
"38467","32"
"38044","32"
"38064","32"
"38464","32"
"38250","32"
"38508","32"
"38483","32"
"38257","32"
"38341","32"
"38147","32"
"38369","32"
"38401","32"
"38246","32"
"38148","32"
"38509","32"
"38047","32"
"38458","32"
"38098","32"
"38377","32"
"38076","32"
"38381","32"
"38525","32"
"38543","32"
"38546","32"
"38560","32"
"38152","32"
"38035","32"
"38231","32"
"38141","32"
"38081","32"
"38351","32"
"38015","32"
"38156","32"
"38389","32"
"38288","32"
"38136","32"
"38172","32"
"38102","32"
"38276","32"
"38339","32"
"38230","32"
"38223","32"
"38408","32"
"38144","32"
"38053","32"
"38352","32"
"38149","32"
"38048","32"
"38193","32"
"38189","32"
"38449","32"
"38415","32"
"38176","32"
"38184","32"
"38480","32"
"38512","32"
"38519","32"
"38530","32"
"38532","32"
"38537","32"
"38553","32"
"38067","32"
"38475","32"
"38294","32"
"38392","32"
"38260","32"
"38109","32"
"38146","32"
"38085","32"
"38138","32"
"38451","32"
"38197","32"
"38210","32"
"38316","32"
"38010","32"
"38097","32"
"38011","32"
"38190","32"
"38507","32"
"38535","32"
"38542","32"
"38554","32"
"38557","32"
"38261","32"
"38297","32"
"38055","32"
"38135","32"
"38139","32"
"38282","32"
"38054","32"
"38083","32"
"38247","32"
"38365","32"
"38465","32"
"38488","32"
"38494","32"
"38515","32"
"38026","32"
"38295","32"
"38539","32"
"38320","32"
"42295","36"
"42047","36"
"42260","36"
"42106","36"
"42243","36"
"42230","36"
"42160","36"
"42173","36"
"42226","36"
"42203","36"
"42248","36"
"42158","36"
"42078","36"
"42276","36"
"42281","36"
"42282","36"
"42314","36"
"42339","36"
"42249","36"
"42156","36"
"42063","36"
"42077","36"
"42325","36"
"42128","36"
"42289","36"
"42098","36"
"42153","36"
"42118","36"
"42161","36"
"42178","36"
"42181","36"
"42293","36"
"42294","36"
"42008","36"
"42061","36"
"42163","36"
"42003","36"
"42255","36"
"42233","36"
"42182","36"
"42049","36"
"42116","36"
"42076","36"
"42199","36"
"42198","36"
"42232","36"
"42125","36"
"42220","36"
"42239","36"
"42231","36"
"42027","36"
"42120","36"
"42176","36"
"42157","36"
"42162","36"
"42253","36"
"42184","36"
"42268","36"
"42016","36"
"42070","36"
"42127","36"
"42069","36"
"42026","36"
"42187","36"
"42166","36"
"42212","36"
"42071","36"
"42273","36"
"42274","36"
"42277","36"
"42284","36"
"42303","36"
"42331","36"
"42332","36"
"42337","36"
"42257","36"
"42194","36"
"42317","36"
"42267","36"
"42215","36"
"42007","36"
"42086","36"
"42015","36"
"42229","36"
"42014","36"
"42145","36"
"42068","36"
"42170","36"
"42104","36"
"42074","36"
"42338","36"
"42112","36"
"42300","36"
"42152","36"
"42025","36"
"42236","36"
"42033","36"
"42177","36"
"42079","36"
"42333","36"
"42048","36"
"42141","36"
"42052","36"
"42131","36"
"43130","41"
"43051","41"
"43007","41"
"43199","41"
"43268","41"
"43244","41"
"43129","41"
"43028","41"
"43069","41"
"43142","41"
"43114","41"
"43102","41"
"43159","41"
"43024","41"
"43141","41"
"43087","41"
"43211","41"
"43163","41"
"43172","41"
"43204","41"
"43162","41"
"43203","41"
"43240","41"
"43025","41"
"43137","41"
"43166","41"
"43020","41"
"43034","41"
"43058","41"
"43153","41"
"43127","41"
"43012","41"
"43212","41"
"43213","41"
"43224","41"
"43246","41"
"43249","41"
"43265","41"
"43177","41"
"43184","41"
"43205","41"
"43223","41"
"43227","41"
"43236","41"
"26079","23"
"26049","23"
"26088","23"
"26081","23"
"26100","23"
"26173","23"
"26232","23"
"26382","23"
"26039","23"
"26273","23"
"26023","23"
"26124","23"
"26058","23"
"26084","23"
"26042","23"
"26196","23"
"26037","23"
"26170","23"
"26064","23"
"26206","23"
"26004","23"
"26197","23"
"26212","23"
"26032","23"
"26057","23"
"26024","23"
"26224","23"
"26252","23"
"26313","23"
"26358","23"
"26362","23"
"26294","23"
"26281","23"
"26231","23"
"26107","23"
"26218","23"
"26068","23"
"26140","23"
"26139","23"
"26310","23"
"26087","23"
"26207","23"
"26225","23"
"26129","23"
"26149","23"
"26034","23"
"26319","23"
"26323","23"
"26355","23"
"26379","23"
"26381","23"
"26096","23"
"26210","23"
"26298","23"
"01145","1"
"01151","1"
"01425","1"
"01072","1"
"01127","1"
"01150","1"
"01095","1"
"01184","1"
"01177","1"
"01106","1"
"01125","1"
"01197","1"
"01241","1"
"01245","1"
"01309","1"
"01317","1"
"01321","1"
"01374","1"
"01408","1"
"01426","1"
"01447","1"
"01069","1"
"01053","1"
"01065","1"
"01195","1"
"01211","1"
"01254","1"
"01259","1"
"01264","1"
"01289","1"
"01336","1"
"01344","1"
"01369","1"
"01385","1"
"01405","1"
"01422","1"
"01429","1"
"01140","1"
"01230","1"
"01128","1"
"01196","1"
"01367","1"
"01266","1"
"01375","1"
"01301","1"
"01212","1"
"01139","1"
"01229","1"
"01163","1"
"01130","1"
"01024","1"
"01124","1"
"01232","1"
"01296","1"
"01029","1"
"01350","1"
"01038","1"
"01147","1"
"01108","1"
"01380","1"
"01391","1"
"01432","1"
"01433","1"
"01445","1"
"01451","1"
"01346","1"
"01040","1"
"01236","1"
"01364","1"
"01115","1"
"01387","1"
"01388","1"
"01406","1"
"15041","19"
"15001","19"
"15043","19"
"15013","19"
"15048","19"
"15102","19"
"15256","19"
"15141","19"
"15151","19"
"15080","19"
"15126","19"
"15069","19"
"15098","19"
"15247","19"
"15105","19"
"15127","19"
"15022","19"
"15203","19"
"15119","19"
"15207","19"
"15042","19"
"15158","19"
"15032","19"
"15101","19"
"15213","19"
"15061","19"
"15025","19"
"15114","19"
"15225","19"
"15138","19"
"15100","19"
"15091","19"
"15253","19"
"15263","19"
"15155","19"
"26116","24"
"26138","24"
"26145","24"
"26169","24"
"26235","24"
"26284","24"
"26324","24"
"26326","24"
"26008","24"
"26085","24"
"26198","24"
"26339","24"
"26106","24"
"26097","24"
"26102","24"
"26165","24"
"26166","24"
"26185","24"
"26337","24"
"26353","24"
"26135","24"
"26193","24"
"26026","24"
"26263","24"
"26200","24"
"26154","24"
"26126","24"
"26239","24"
"26181","24"
"26018","24"
"26127","24"
"26022","24"
"26063","24"
"26242","24"
"26150","24"
"26189","24"
"26153","24"
"26201","24"
"26091","24"
"26050","24"
"26199","24"
"26161","24"
"26244","24"
"26046","24"
"26013","24"
"26227","24"
"26264","24"
"26209","24"
"26267","24"
"26278","24"
"26279","24"
"26286","24"
"26288","24"
"26292","24"
"26303","24"
"26306","24"
"26318","24"
"26329","24"
"26340","24"
"26369","24"
"26370","24"
"26372","24"
"26374","24"
"26375","24"
"26188","24"
"26236","24"
"26229","24"
"26180","24"
"26054","24"
"26233","24"
"26182","24"
"26048","24"
"26043","24"
"26033","24"
"26082","24"
"26190","24"
"26220","24"
"26211","24"
"26093","24"
"26238","24"
"26016","24"
"26099","24"
"26070","24"
"26112","24"
"26073","24"
"26103","24"
"26146","24"
"26130","24"
"26192","24"
"26226","24"
"26256","24"
"26261","24"
"26269","24"
"26275","24"
"26285","24"
"26304","24"
"26317","24"
"26322","24"
"26342","24"
"26345","24"
"26348","24"
"26350","24"
"26357","24"
"26360","24"
"26367","24"
"26377","24"
"26104","24"
"26245","24"
"26105","24"
"26075","24"
"26215","24"
"26012","24"
"26123","24"
"26147","24"
"26067","24"
"26030","24"
"26047","24"
"26255","24"
"26076","24"
"26040","24"
"26152","24"
"26036","24"
"26062","24"
"26164","24"
"26136","24"
"26253","24"
"26167","24"
"26017","24"
"26254","24"
"26055","24"
"26283","24"
"26300","24"
"26321","24"
"26361","24"
"26376","24"
"26378","24"
"26089","24"
"26203","24"
"26005","24"
"26202","24"
"26003","24"
"26060","24"
"26121","24"
"26243","24"
"26114","24"
"26045","24"
"26101","24"
"26191","24"
"26111","24"
"26222","24"
"26031","24"
"26131","24"
"26056","24"
"26134","24"
"26052","24"
"26078","24"
"26241","24"
"26157","24"
"26095","24"
"26051","24"
"26171","24"
"26137","24"
"26249","24"
"26251","24"
"26257","24"
"26268","24"
"26272","24"
"26274","24"
"26276","24"
"26305","24"
"26312","24"
"26334","24"
"26335","24"
"26338","24"
"26343","24"
"26351","24"
"26352","24"
"26356","24"
"26363","24"
"26373","24"
"26176","24"
"26144","24"
"26006","24"
"26007","24"
"26287","24"
"26277","24"
"26065","24"
"26125","24"
"26258","24"
"26021","24"
"26020","24"
"26115","24"
"26108","24"
"26344","24"
"26365","24"
"26011","24"
"26336","24"
"26098","24"
"26234","24"
"26183","24"
"26346","24"
"26214","24"
"26195","24"
"26035","24"
"26015","24"
"26289","24"
"26328","24"
"26080","24"
"26090","24"
"26122","24"
"26248","24"
"26368","24"
"26296","24"
"26299","24"
"26019","24"
"26027","24"
"26266","24"
"26246","24"
"26228","24"
"26113","24"
"26001","24"
"26205","24"
"26025","24"
"26262","24"
"26327","24"
"26204","24"
"26159","24"
"26178","24"
"26086","24"
"26186","24"
"26142","24"
"26168","24"
"26364","24"
"26117","24"
"26074","24"
"26069","24"
"26309","24"
"26315","24"
"26290","24"
"26282","24"
"26079","24"
"26049","24"
"26088","24"
"26081","24"
"26100","24"
"26141","24"
"26173","24"
"26232","24"
"26382","24"
"26039","24"
"26273","24"
"26023","24"
"26163","24"
"26240","24"
"26066","24"
"26128","24"
"26221","24"
"26223","24"
"26270","24"
"26320","24"
"26307","24"
"26359","24"
"26059","24"
"26291","24"
"26308","24"
"26217","24"
"26316","24"
"26331","24"
"26175","24"
"26311","24"
"26302","24"
"26124","24"
"26058","24"
"26084","24"
"26038","24"
"26042","24"
"26208","24"
"26196","24"
"26037","24"
"26170","24"
"26064","24"
"26206","24"
"26004","24"
"26197","24"
"26212","24"
"26032","24"
"26057","24"
"26024","24"
"26224","24"
"26250","24"
"26252","24"
"26271","24"
"26313","24"
"26358","24"
"26362","24"
"26301","24"
"26294","24"
"26077","24"
"26028","24"
"26281","24"
"26231","24"
"26174","24"
"26107","24"
"26218","24"
"26014","24"
"26068","24"
"26140","24"
"26139","24"
"26310","24"
"26087","24"
"26207","24"
"26225","24"
"26129","24"
"26149","24"
"26034","24"
"26319","24"
"26323","24"
"26355","24"
"26379","24"
"26381","24"
"26119","24"
"26247","24"
"26295","24"
"26110","24"
"26156","24"
"26179","24"
"26072","24"
"26071","24"
"26094","24"
"26092","24"
"26177","24"
"26061","24"
"26096","24"
"26259","24"
"26333","24"
"26341","24"
"26347","24"
"26380","24"
"26194","24"
"26210","24"
"26293","24"
"26349","24"
"26298","24"
"26314","24"
"26083","24"
"26148","24"
"26143","24"
"26330","24"
"26213","24"
"26162","24"
"26172","24"
"26118","24"
"26332","24"
"26160","24"
"26216","24"
"26041","24"
"26133","24"
"26002","24"
"26009","24"
"26010","24"
"26325","24"
"26155","24"
"69091","47"
"69273","47"
"69283","47"
"69117","47"
"69068","47"
"69153","47"
"69003","47"
"69071","47"
"69207","47"
"69163","47"
"69096","47"
"69260","47"
"69046","47"
"69100","47"
"69204","47"
"69149","47"
"69142","47"
"69202","47"
"69089","47"
"69069","47"
"69296","47"
"69244","47"
"69205","47"
"69081","47"
"69044","47"
"69127","47"
"69250","47"
"69072","47"
"69194","47"
"69040","47"
"69191","47"
"69116","47"
"69063","47"
"69233","47"
"69168","47"
"69029","47"
"69033","47"
"69034","47"
"69085","47"
"69087","47"
"69088","47"
"69123","47"
"69143","47"
"69199","47"
"69256","47"
"69259","47"
"69266","47"
"69271","47"
"69275","47"
"69276","47"
"69278","47"
"69279","47"
"69282","47"
"69284","47"
"69286","47"
"69290","47"
"69292","47"
"69293","47"
"07033","11"
"07148","11"
"07028","11"
"07024","11"
"07031","11"
"07101","11"
"07100","11"
"07053","11"
"07050","11"
"07017","11"
"07117","11"
"07147","11"
"07115","11"
"07110","11"
"07088","11"
"07171","11"
"07176","11"
"07189","11"
"07199","11"
"07207","11"
"07211","11"
"07213","11"
"07238","11"
"07280","11"
"07284","11"
"07305","11"
"07334","11"
"07336","11"
"07168","11"
"07113","11"
"07291","11"
"07328","11"
"07330","11"
"07304","11"
"07126","11"
"07306","11"
"07201","11"
"07183","11"
"07061","11"
"07023","11"
"07190","11"
"07272","11"
"07163","11"
"07202","11"
"07029","11"
"07081","11"
"07196","11"
"07118","11"
"07144","11"
"07266","11"
"07275","11"
"07329","11"
"07131","11"
"07348","11"
"69179","48"
"69228","48"
"69021","48"
"69175","48"
"69067","48"
"69022","48"
"69057","48"
"69171","48"
"69166","48"
"69180","48"
"69216","48"
"69032","48"
"69020","48"
"69173","48"
"69208","48"
"69141","48"
"69136","48"
"69133","48"
"69241","48"
"69219","48"
"69051","48"
"69170","48"
"69268","48"
"69148","48"
"69176","48"
"69249","48"
"69027","48"
"69131","48"
"69043","48"
"69269","48"
"69028","48"
"69255","48"
"69094","48"
"69154","48"
"69231","48"
"69190","48"
"69177","48"
"69112","48"
"69083","48"
"69010","48"
"69086","48"
"69076","48"
"73073","54"
"73273","54"
"73091","54"
"73085","54"
"73193","54"
"73051","54"
"73076","54"
"73050","54"
"73010","54"
"73059","54"
"73008","54"
"73300","54"
"73043","54"
"73128","54"
"73103","54"
"73155","54"
"73182","54"
"73208","54"
"73301","54"
"73164","54"
"73265","54"
"73263","54"
"73328","54"
"73329","54"
"73327","54"
"73218","54"
"73286","54"
"73180","54"
"42142","37"
"42318","37"
"42235","37"
"42006","37"
"42091","37"
"42312","37"
"42169","37"
"42204","37"
"42042","37"
"42126","37"
"42050","37"
"42146","37"
"42140","37"
"42256","37"
"42279","37"
"42060","37"
"42240","37"
"42021","37"
"42301","37"
"42107","37"
"42137","37"
"42022","37"
"42304","37"
"42228","37"
"42058","37"
"42211","37"
"42117","37"
"42285","37"
"42122","37"
"42328","37"
"42324","37"
"42075","37"
"42108","37"
"42180","37"
"42012","37"
"42087","37"
"42147","37"
"42121","37"
"42188","37"
"42105","37"
"42089","37"
"42205","37"
"42020","37"
"42046","37"
"42038","37"
"42054","37"
"42151","37"
"42269","37"
"42179","37"
"42130","37"
"42037","37"
"42290","37"
"42298","37"
"42299","37"
"42315","37"
"42159","37"
"42034","37"
"42045","37"
"42040","37"
"42238","37"
"42245","37"
"42039","37"
"42278","37"
"42217","37"
"42321","37"
"42247","37"
"42084","37"
"42227","37"
"42164","37"
"42002","37"
"42288","37"
"42195","37"
"42035","37"
"42136","37"
"42119","37"
"42313","37"
"42030","37"
"42019","37"
"42134","37"
"42009","37"
"42197","37"
"42150","37"
"42219","37"
"42221","37"
"38008","33"
"38031","33"
"38128","33"
"38132","33"
"38241","33"
"38299","33"
"38329","33"
"38414","33"
"38469","33"
"38470","33"
"38116","33"
"38217","33"
"38224","33"
"38254","33"
"38265","33"
"38266","33"
"38280","33"
"38326","33"
"38361","33"
"38264","33"
"38207","33"
"38283","33"
"38073","33"
"38154","33"
"38413","33"
"38428","33"
"38444","33"
"38489","33"
"38518","33"
"38521","33"
"38522","33"
"38552","33"
"38313","33"
"38269","33"
"38497","33"
"38273","33"
"38499","33"
"38396","33"
"38304","33"
"38462","33"
"38106","33"
"38402","33"
"38203","33"
"03099","6"
"03260","6"
"03183","6"
"03214","6"
"03046","6"
"03238","6"
"03122","6"
"03312","6"
"03320","6"
"03218","6"
"03036","6"
"03251","6"
"03117","6"
"03150","6"
"03169","6"
"03065","6"
"03092","6"
"03069","6"
"03202","6"
"03170","6"
"03012","6"
"03247","6"
"03002","6"
"03287","6"
"03292","6"
"07014","12"
"07035","12"
"07040","12"
"07068","12"
"07170","12"
"07236","12"
"07335","12"
"07039","12"
"07007","12"
"07297","12"
"07052","12"
"07323","12"
"07177","12"
"07293","12"
"07281","12"
"07240","12"
"07152","12"
"07097","12"
"07070","12"
"07059","12"
"07055","12"
"07316","12"
"07102","12"
"26038","12"
"26250","12"
"26271","12"
"26301","12"
"26077","12"
"26028","12"
"26174","12"
"26014","12"
"07301","12"
"07069","12"
"07086","12"
"07217","12"
"07063","12"
"07140","12"
"07312","12"
"07245","12"
"07345","12"
"07324","12"
"26119","12"
"26110","12"
"26156","12"
"26179","12"
"26072","12"
"26071","12"
"26092","12"
"26177","12"
"26061","12"
"26341","12"
"26347","12"
"26380","12"
"26194","12"
"73013","55"
"73116","55"
"73280","55"
"73157","55"
"73026","55"
"73117","55"
"73119","55"
"73173","55"
"73023","55"
"73012","55"
"73040","55"
"73138","55"
"73135","55"
"73015","55"
"73067","55"
"73047","55"
"73083","55"
"73074","55"
"73071","55"
"73109","55"
"73024","55"
"73055","55"
"73161","55"
"73057","55"
"73177","55"
"73189","55"
"73194","55"
"73201","55"
"73206","55"
"73223","55"
"73224","55"
"73227","55"
"73235","55"
"73248","55"
"73250","55"
"73255","55"
"73256","55"
"73257","55"
"73258","55"
"73259","55"
"73261","55"
"73267","55"
"73290","55"
"73304","55"
"73306","55"
"73307","55"
"73320","55"
"73322","55"
"73021","55"
"73207","55"
"73220","55"
"73099","55"
"73075","55"
"73215","55"
"73159","55"
"73052","55"
"73217","55"
"73095","55"
"73205","55"
"73082","55"
"73171","55"
"73089","55"
"73200","55"
"73072","55"
"73018","55"
"73096","55"
"73041","55"
"73166","55"
"73069","55"
"73133","55"
"73168","55"
"73079","55"
"73053","55"
"73221","55"
"73230","55"
"73231","55"
"73237","55"
"73240","55"
"73252","55"
"73272","55"
"73276","55"
"73278","55"
"73289","55"
"73294","55"
"73302","55"
"73311","55"
"73314","55"
"73315","55"
"73316","55"
"73318","55"
"73324","55"
"73017","55"
"73031","55"
"73029","55"
"73030","55"
"73064","55"
"73065","55"
"73084","55"
"73087","55"
"73097","55"
"73098","55"
"73137","55"
"73141","55"
"73151","55"
"73160","55"
"73183","55"
"73213","55"
"73222","55"
"73225","55"
"73243","55"
"73249","55"
"73288","55"
"73310","55"
"73092","55"
"73105","55"
"73107","55"
"73229","55"
"73246","55"
"73274","55"
"73275","55"
"73236","55"
"73070","55"
"73039","55"
"73025","55"
"73204","55"
"73100","55"
"73214","55"
"73187","55"
"73296","55"
"73284","55"
"73113","55"
"73197","55"
"73003","55"
"73181","55"
"73253","55"
"73190","55"
"73150","55"
"73131","55"
"73006","55"
"73232","55"
"73323","55"
"73216","55"
"73268","55"
"73142","55"
"73054","55"
"73063","55"
"73077","55"
"73032","55"
"73110","55"
"73285","55"
"73176","55"
"73034","55"
"73298","55"
"73196","55"
"73211","55"
"73317","55"
"73061","55"
"73254","55"
"73226","55"
"73122","55"
"73058","55"
"73233","55"
"73191","55"
"73027","55"
"73104","55"
"73022","55"
"73033","55"
"73219","55"
"73152","55"
"73145","55"
"73184","55"
"73001","55"
"73179","55"
"73228","55"
"73271","55"
"73281","55"
"73282","55"
"73309","55"
"73313","55"
"73326","55"
"73241","55"
"73049","55"
"73048","55"
"73121","55"
"73212","55"
"73019","55"
"73154","55"
"73297","55"
"73175","55"
"73124","55"
"73188","55"
"73153","55"
"73170","55"
"73292","55"
"73014","55"
"73130","55"
"73011","55"
"73308","55"
"73247","55"
"73270","55"
"73210","55"
"73068","55"
"73007","55"
"73004","55"
"73293","55"
"73120","55"
"73277","55"
"73129","55"
"73162","55"
"73106","55"
"73283","55"
"73005","55"
"73086","55"
"73192","55"
"73090","55"
"73139","55"
"73312","55"
"73234","55"
"73081","55"
"73202","55"
"73101","55"
"73146","55"
"73178","55"
"73020","55"
"73036","55"
"73156","55"
"73269","55"
"73149","55"
"73073","55"
"73140","55"
"73273","55"
"73042","55"
"73091","55"
"73245","55"
"73085","55"
"73193","55"
"73051","55"
"73076","55"
"73050","55"
"73010","55"
"73059","55"
"73008","55"
"73300","55"
"73043","55"
"73128","55"
"73103","55"
"73155","55"
"73182","55"
"73208","55"
"73301","55"
"73164","55"
"73265","55"
"73263","55"
"73328","55"
"73329","55"
"73028","55"
"73147","55"
"73299","55"
"73078","55"
"73330","55"
"73303","55"
"73123","55"
"73262","55"
"73088","55"
"73094","55"
"73114","55"
"73327","55"
"73218","55"
"73286","55"
"73180","55"
"73186","55"
"73132","55"
"69002","49"
"69016","49"
"69012","49"
"69018","49"
"69035","49"
"69036","49"
"69019","49"
"69053","49"
"69058","49"
"69065","49"
"69077","49"
"69082","49"
"69084","49"
"69103","49"
"69104","49"
"69108","49"
"69109","49"
"69124","49"
"69135","49"
"69161","49"
"69162","49"
"69165","49"
"69182","49"
"69186","49"
"69196","49"
"69209","49"
"69218","49"
"69242","49"
"69258","49"
"69261","49"
"69267","49"
"69045","49"
"69145","49"
"69198","49"
"69206","49"
"42138","50"
"42062","50"
"42102","50"
"42055","50"
"42216","50"
"42335","50"
"69110","50"
"69184","50"
"42336","50"
"69038","50"
"69095","50"
"69098","50"
"69099","50"
"69120","50"
"69132","50"
"69187","50"
"69263","50"
"69155","50"
"69139","50"
"69178","50"
"69014","50"
"69062","50"
"69030","50"
"69042","50"
"69031","50"
"69078","50"
"69138","50"
"69201","50"
"69203","50"
"69220","50"
"69227","50"
"69238","50"
"74020","58"
"74157","58"
"74206","58"
"74281","58"
"74070","58"
"74105","58"
"74150","58"
"74121","58"
"74025","58"
"74043","58"
"74048","58"
"74156","58"
"74126","58"
"74163","58"
"74013","58"
"74005","58"
"74053","58"
"74106","58"
"74171","58"
"74180","58"
"74199","58"
"74210","58"
"74263","58"
"74293","58"
"74315","58"
"38114","34"
"38051","34"
"38349","34"
"38072","34"
"38003","34"
"38468","34"
"38009","34"
"38496","34"
"38556","34"
"38298","34"
"38344","34"
"38425","34"
"38452","34"
"38077","34"
"38034","34"
"38198","34"
"38290","34"
"38037","34"
"38311","34"
"38307","34"
"38240","34"
"38259","34"
"38134","34"
"38066","34"
"38324","34"
"38335","34"
"38363","34"
"38406","34"
"38017","34"
"38019","34"
"38101","34"
"38353","34"
"38244","34"
"38378","34"
"38536","34"
"38448","34"
"38340","34"
"42192","38"
"42266","38"
"42262","38"
"42270","38"
"42001","38"
"42316","38"
"42031","38"
"42005","38"
"42099","38"
"42043","38"
"42095","38"
"42097","38"
"42044","38"
"42092","38"
"42100","38"
"42096","38"
"42133","38"
"42183","38"
"42189","38"
"42206","38"
"42208","38"
"42218","38"
"42222","38"
"42223","38"
"42234","38"
"42237","38"
"42275","38"
"42302","38"
"42305","38"
"42311","38"
"42330","38"
"42085","38"
"42207","38"
"42167","38"
"42210","38"
"42093","38"
"42110","38"
"42103","38"
"42053","38"
"42123","38"
"42186","38"
"42032","38"
"42225","38"
"42036","38"
"42242","38"
"42259","38"
"42271","38"
"42283","38"
"42307","38"
"42308","38"
"42320","38"
"42322","38"
"42083","38"
"26215","25"
"26012","25"
"26123","25"
"26147","25"
"26067","25"
"26030","25"
"26047","25"
"26255","25"
"26076","25"
"26040","25"
"26152","25"
"26036","25"
"26062","25"
"26164","25"
"26136","25"
"26253","25"
"26167","25"
"26017","25"
"26254","25"
"26055","25"
"26283","25"
"26300","25"
"26321","25"
"26361","25"
"26378","25"
"26274","25"
"26248","25"
"26299","25"
"26027","25"
"26246","25"
"26228","25"
"26113","25"
"26001","25"
"26205","25"
"26025","25"
"26262","25"
"26327","25"
"26204","25"
"26159","25"
"26178","25"
"26086","25"
"26186","25"
"26142","25"
"26168","25"
"26069","25"
"26282","25"
"26359","25"
"26291","25"
"26308","25"
"26175","25"
"07134","13"
"07162","13"
"07327","13"
"07132","13"
"07058","13"
"07109","13"
"07193","13"
"07187","13"
"07062","13"
"07141","13"
"07307","13"
"07318","13"
"07343","13"
"07002","13"
"07155","13"
"07122","13"
"07091","13"
"07296","13"
"07231","13"
"07019","13"
"07289","13"
"07229","13"
"07138","13"
"07158","13"
"07139","13"
"07331","13"
"07003","13"
"07011","13"
"07116","13"
"07093","13"
"07210","13"
"07325","13"
"07254","13"
"07251","13"
"07277","13"
"07339","13"
"07230","13"
"07111","13"
"07112","13"
"26008","26"
"26085","26"
"26198","26"
"26339","26"
"26106","26"
"26102","26"
"26337","26"
"26353","26"
"26005","26"
"26121","26"
"26191","26"
"26031","26"
"26052","26"
"26078","26"
"26157","26"
"26095","26"
"26171","26"
"26251","26"
"26257","26"
"26272","26"
"26305","26"
"26312","26"
"26338","26"
"26352","26"
"26176","26"
"26287","26"
"01314","2"
"01430","2"
"01077","2"
"01056","2"
"01068","2"
"01199","2"
"01200","2"
"01242","2"
"01273","2"
"01303","2"
"01304","2"
"01331","2"
"01363","2"
"01404","2"
"73216","56"
"73268","56"
"73063","56"
"73032","56"
"73110","56"
"73034","56"
"73298","56"
"73196","56"
"73211","56"
"73317","56"
"73061","56"
"73241","56"
"73048","56"
"73121","56"
"73154","56"
"73297","56"
"73124","56"
"73188","56"
"73153","56"
"73170","56"
"73292","56"
"73014","56"
"73130","56"
"73011","56"
"73308","56"
"73129","56"
"73162","56"
"73283","56"
"73086","56"
"73312","56"
"73202","56"
"73303","56"
"73123","56"
"73262","56"
"73088","56"
"73094","56"
"73114","56"
"73186","56"
"73132","56"
"26350","27"
"26202","27"
"26003","27"
"26060","27"
"26243","27"
"26114","27"
"26045","27"
"26101","27"
"26111","27"
"26222","27"
"26131","27"
"26056","27"
"26051","27"
"26249","27"
"26268","27"
"26276","27"
"26334","27"
"26343","27"
"26351","27"
"26356","27"
"26373","27"
"03209","7"
"03164","7"
"03182","7"
"03061","7"
"03109","7"
"03030","7"
"03078","7"
"03192","7"
"03135","7"
"03108","7"
"03022","7"
"03089","7"
"03152","7"
"03077","7"
"03277","7"
"03043","7"
"03237","7"
"03075","7"
"03112","7"
"03227","7"
"03016","7"
"03053","7"
"03175","7"
"03116","7"
"03018","7"
"03096","7"
"03059","7"
"03148","7"
"03115","7"
"03204","7"
"03254","7"
"03188","7"
"03049","7"
"03149","7"
"03038","7"
"03134","7"
"03267","7"
"03083","7"
"03242","7"
"03278","7"
"03281","7"
"03294","7"
"03307","7"
"03160","7"
"03114","7"
"03176","7"
"03255","7"
"03118","7"
"03107","7"
"03021","7"
"03166","7"
"03311","7"
"03220","7"
"03268","7"
"03276","7"
"03133","7"
"03302","7"
"03062","7"
"03194","7"
"03295","7"
"42028","39"
"42023","39"
"42067","39"
"42101","39"
"42017","39"
"42246","39"
"42287","39"
"42306","39"
"42310","39"
"42329","39"
"42115","39"
"42139","39"
"42172","39"
"42224","39"
"42280","39"
"42286","39"
"38038","35"
"38162","35"
"38296","35"
"38089","35"
"38520","35"
"38029","35"
"38357","35"
"38434","35"
"38001","35"
"38104","35"
"38183","35"
"38012","35"
"38323","35"
"38343","35"
"38315","35"
"38398","35"
"38420","35"
"38354","35"
"38044","35"
"38064","35"
"38464","35"
"38508","35"
"38257","35"
"38341","35"
"38147","35"
"38369","35"
"38401","35"
"38246","35"
"38148","35"
"38509","35"
"38047","35"
"38098","35"
"38377","35"
"38076","35"
"38381","35"
"38560","35"
"63006","44"
"63054","44"
"63052","44"
"63031","44"
"63051","44"
"63050","44"
"63022","44"
"63029","44"
"63088","44"
"63091","44"
"63156","44"
"63160","44"
"63178","44"
"63182","44"
"63185","44"
"63242","44"
"63255","44"
"63261","44"
"63270","44"
"63287","44"
"63340","44"
"63352","44"
"63366","44"
"63367","44"
"63375","44"
"63392","44"
"63415","44"
"63439","44"
"63444","44"
"63456","44"
"63313","44"
"63303","44"
"63220","44"
"63122","44"
"63097","44"
"63087","44"
"63172","44"
"63409","44"
"63234","44"
"63134","44"
"63299","44"
"63342","44"
"63199","44"
"63435","44"
"63009","44"
"63007","44"
"63111","44"
"63357","44"
"63080","44"
"63403","44"
"63429","44"
"63209","44"
"63109","44"
"63250","44"
"63452","44"
"63466","44"
"63321","44"
"63423","44"
"63277","44"
"63079","44"
"63145","44"
"63348","44"
"63376","44"
"63389","44"
"63442","44"
"63448","44"
"63202","44"
"63005","44"
"63222","44"
"63017","44"
"63422","44"
"63268","44"
"63073","44"
"63046","44"
"63275","44"
"63121","44"
"63356","44"
"63404","44"
"63074","44"
"63411","44"
"63114","44"
"63036","44"
"63166","44"
"63458","44"
"63241","44"
"63269","44"
"63282","44"
"63225","45"
"63048","45"
"63053","45"
"63191","45"
"63416","45"
"63159","45"
"63165","45"
"63064","45"
"63320","45"
"63118","45"
"63351","45"
"63339","45"
"63237","45"
"63175","45"
"63410","45"
"63436","45"
"63292","45"
"63399","45"
"63094","45"
"63115","45"
"63186","45"
"63433","45"
"63283","45"
"63359","45"
"63289","45"
"63041","45"
"63447","45"
"63450","45"
"63460","45"
"63467","45"
"63288","45"
"63135","45"
"63167","45"
"63035","45"
"63427","45"
"63473","45"
"63171","45"
"63304","45"
"63060","45"
"63025","45"
"63197","45"
"63329","45"
"63208","45"
"63223","45"
"63286","45"
"63067","45"
"63251","45"
"63101","45"
"63281","45"
"63293","45"
"63344","45"
"63358","45"
"63360","45"
"63369","45"
"63373","45"
"63377","45"
"63382","45"
"63391","45"
"63419","45"
"63428","45"
"63462","45"
"63471","45"
"63011","45"
"63062","45"
"63130","45"
"63140","45"
"63187","45"
"63233","45"
"63243","45"
"63338","45"
"63116","45"
"63379","45"
"63235","45"
"63181","45"
"63082","45"
"63390","45"
"63152","45"
"63110","45"
"63228","45"
"63388","45"
"63170","45"
"63363","45"
"63055","45"
"63238","45"
"63004","45"
"63354","45"
"63408","45"
"63085","45"
"63385","45"
"63349","45"
"63294","45"
"63285","45"
"63100","45"
"63206","45"
"63043","45"
"63318","45"
"63198","45"
"63093","45"
"63464","45"
"69110","51"
"69119","51"
"69179","51"
"69184","51"
"69228","51"
"69007","51"
"69064","51"
"69080","51"
"69097","51"
"69118","51"
"69189","51"
"69193","51"
"69235","51"
"69236","51"
"69252","51"
"69253","51"
"69272","51"
"69270","51"
"69281","51"
"69289","51"
"69291","51"
"69295","51"
"69298","51"
"69038","51"
"69001","51"
"69095","51"
"69098","51"
"69099","51"
"69120","51"
"69132","51"
"69187","51"
"69263","51"
"69102","51"
"69174","51"
"69006","51"
"69169","51"
"69181","51"
"69214","51"
"69254","51"
"69002","51"
"69016","51"
"69012","51"
"69018","51"
"69035","51"
"69036","51"
"69019","51"
"69053","51"
"69054","51"
"69058","51"
"69065","51"
"69077","51"
"69082","51"
"69084","51"
"69103","51"
"69104","51"
"69108","51"
"69109","51"
"69124","51"
"69135","51"
"69160","51"
"69161","51"
"69162","51"
"69165","51"
"69182","51"
"69186","51"
"69196","51"
"69209","51"
"69218","51"
"69242","51"
"69258","51"
"69261","51"
"69267","51"
"69155","51"
"69139","51"
"69178","51"
"69014","51"
"69062","51"
"69030","51"
"69008","51"
"69042","51"
"69031","51"
"69078","51"
"69138","51"
"69021","51"
"69175","51"
"69067","51"
"69022","51"
"69057","51"
"69171","51"
"69166","51"
"69180","51"
"69200","51"
"69201","51"
"69203","51"
"69216","51"
"69220","51"
"69227","51"
"69234","51"
"69238","51"
"69121","51"
"69032","51"
"69059","51"
"69050","51"
"69049","51"
"69125","51"
"69020","51"
"69052","51"
"69157","51"
"69047","51"
"69026","51"
"69056","51"
"69055","51"
"69140","51"
"69111","51"
"69173","51"
"69208","51"
"69212","51"
"69225","51"
"69243","51"
"69017","51"
"69024","51"
"69126","51"
"69122","51"
"69004","51"
"69090","51"
"69005","51"
"69134","51"
"69106","51"
"69009","51"
"69075","51"
"69156","51"
"69114","51"
"69113","51"
"69039","51"
"69115","51"
"69092","51"
"69105","51"
"69061","51"
"69167","51"
"69074","51"
"69037","51"
"69013","51"
"69137","51"
"69093","51"
"69023","51"
"69107","51"
"69151","51"
"69045","51"
"69060","51"
"69145","51"
"69172","51"
"69188","51"
"69192","51"
"69197","51"
"69198","51"
"69206","51"
"69215","51"
"69217","51"
"69229","51"
"69230","51"
"69239","51"
"69245","51"
"69246","51"
"69257","51"
"69264","51"
"69265","51"
"69141","51"
"69136","51"
"69133","51"
"69241","51"
"69294","51"
"69219","51"
"69051","51"
"69170","51"
"69268","51"
"69148","51"
"69176","51"
"69249","51"
"69027","51"
"69131","51"
"69043","51"
"69269","51"
"69028","51"
"69255","51"
"69094","51"
"69297","51"
"69070","51"
"69248","51"
"69130","51"
"69240","51"
"69183","51"
"69066","51"
"69164","51"
"69154","51"
"69231","51"
"69190","51"
"69177","51"
"69112","51"
"69083","51"
"69010","51"
"69086","51"
"69076","51"
"69277","51"
"69285","51"
"69287","51"
"69288","51"
"69280","51"
"69299","51"
"74004","59"
"74060","59"
"74097","59"
"74108","59"
"74111","59"
"74138","59"
"74148","59"
"74002","59"
"74054","59"
"74142","59"
"74194","59"
"74233","59"
"74254","59"
"74061","59"
"74010","59"
"74186","59"
"74176","59"
"74036","59"
"74067","59"
"74213","59"
"74112","59"
"74198","59"
"74019","59"
"74219","59"
"74232","59"
"74242","59"
"74267","59"
"74275","59"
"74299","59"
"74303","59"
"74310","59"
"74062","59"
"74137","59"
"74282","59"
"15132","46"
"63144","46"
"63153","46"
"63346","46"
"63077","46"
"63038","46"
"63247","46"
"63117","46"
"63449","46"
"63169","46"
"63401","46"
"63383","46"
"63440","46"
"63380","46"
"63335","46"
"63279","46"
"63098","46"
"63236","46"
"63047","46"
"63246","46"
"42081","40"
"42013","40"
"42059","40"
"42010","40"
"42200","40"
"42264","40"
"42323","40"
"42185","40"
"42149","40"
"42135","40"
"42155","40"
"42174","40"
"42041","40"
"42143","40"
"42011","40"
"42066","40"
"42088","40"
"42094","40"
"42065","40"
"42175","40"
"42251","40"
"42154","40"
"42029","40"
"42319","40"
"42297","40"
"42193","40"
"42214","40"
"42296","40"
"42073","40"
"42196","40"
"42334","40"
"42113","40"
"42165","40"
"42202","40"
"42148","40"
"42090","40"
"42261","40"
"42254","40"
"42209","40"
"42171","40"
"42241","40"
"42213","40"
"43039","42"
"43136","42"
"43018","42"
"43174","42"
"43078","42"
"43084","42"
"43010","42"
"43157","42"
"43045","42"
"43089","42"
"43041","42"
"43002","42"
"43190","42"
"43220","42"
"43221","42"
"43233","42"
"43241","42"
"43251","42"
"43257","42"
"43095","42"
"43003","42"
"43057","42"
"43197","42"
"43260","42"
"43062","42"
"43152","42"
"43032","42"
"43046","42"
"43140","42"
"43181","42"
"43061","42"
"43124","42"
"43126","42"
"43036","42"
"43150","42"
"43165","42"
"43030","42"
"43119","42"
"43021","42"
"43122","42"
"43043","42"
"43134","42"
"43187","42"
"43049","42"
"43026","42"
"43138","42"
"43164","42"
"43194","42"
"43216","42"
"43217","42"
"43229","42"
"43230","42"
"43254","42"
"43259","42"
"43267","42"
"43071","42"
"43189","42"
"43023","42"
"43108","42"
"43080","42"
"43196","42"
"43201","42"
"43228","42"
"43093","42"
"43237","42"
"43076","42"
"43035","42"
"43048","42"
"43073","42"
"43128","42"
"43059","42"
"43116","42"
"07149","14"
"07253","14"
"07098","14"
"07004","14"
"07233","14"
"07179","14"
"07288","14"
"07074","14"
"07092","14"
"07340","14"
"07184","14"
"07146","14"
"07194","14"
"07186","14"
"07008","14"
"07072","14"
"07167","14"
"07303","14"
"07090","14"
"07066","14"
"07221","14"
"07255","14"
"07198","14"
"07181","14"
"07349","14"
"07096","14"
"07030","14"
"07244","14"
"07048","14"
"07295","14"
"07214","14"
"07274","14"
"07314","14"
"07278","14"
"07338","14"
"07060","14"
"07083","14"
"07237","14"
"07257","14"
"07094","14"
"07261","14"
"07027","14"
"01058","3"
"01015","3"
"01110","3"
"01310","3"
"01193","3"
"01098","3"
"01268","3"
"01009","3"
"01034","3"
"01294","3"
"01061","3"
"01227","3"
"01454","3"
"01234","3"
"01456","3"
"01286","3"
"01162","3"
"01239","3"
"01302","3"
"01133","3"
"01208","3"
"01338","3"
"01117","3"
"01006","3"
"01358","3"
"01116","3"
"01066","3"
"01019","3"
"01100","3"
"01329","3"
"01452","3"
"01036","3"
"01372","3"
"01141","3"
"01079","3"
"01022","3"
"01073","3"
"01453","3"
"01415","3"
"01138","3"
"01187","3"
"03131","8"
"03042","8"
"03250","8"
"03230","8"
"03223","8"
"03138","8"
"03017","8"
"03024","8"
"03105","8"
"03004","8"
"03205","8"
"03028","8"
"03257","8"
"03272","8"
"07332","15"
"07300","15"
"07005","15"
"07270","15"
"07020","15"
"07319","15"
"07191","15"
"07157","15"
"07283","15"
"07219","15"
"07302","15"
"07260","15"
"07298","15"
"07022","15"
"07076","15"
"73021","57"
"73207","57"
"73099","57"
"73075","57"
"73215","57"
"73159","57"
"73052","57"
"73217","57"
"73095","57"
"73205","57"
"73082","57"
"73171","57"
"73089","57"
"73200","57"
"73072","57"
"73018","57"
"73096","57"
"73041","57"
"73166","57"
"73069","57"
"73133","57"
"73079","57"
"73053","57"
"73240","57"
"73276","57"
"73289","57"
"73302","57"
"73311","57"
"73314","57"
"73315","57"
"73316","57"
"73324","57"
"73017","57"
"73084","57"
"73141","57"
"73151","57"
"73183","57"
"73247","57"
"73270","57"
"73068","57"
"73120","57"
"74250","60"
"74116","60"
"74007","60"
"74059","60"
"74090","60"
"74018","60"
"74224","60"
"74244","60"
"74253","60"
"26097","28"
"26165","28"
"26166","28"
"26185","28"
"26134","28"
"26241","28"
"26137","28"
"26144","28"
"26006","28"
"26007","28"
"26277","28"
"26065","28"
"26125","28"
"26258","28"
"26021","28"
"26020","28"
"26115","28"
"26344","28"
"26365","28"
"26336","28"
"26098","28"
"26346","28"
"26214","28"
"26195","28"
"26035","28"
"26141","28"
"26240","28"
"26128","28"
"26221","28"
"26208","28"
"01275","4"
"01249","4"
"01376","4"
"01418","4"
"01043","4"
"01424","4"
"03007","9"
"03145","9"
"03136","9"
"03140","9"
"03161","9"
"03167","9"
"03206","9"
"03211","9"
"03212","9"
"03216","9"
"03231","9"
"03233","9"
"03244","9"
"03261","9"
"03279","9"
"03280","9"
"03314","9"
"03101","9"
"03185","9"
"03098","9"
"03262","9"
"03253","10"
"03067","10"
"03019","10"
"03102","10"
"03274","10"
"03240","10"
"03181","10"
"03265","10"
"03100","10"
"03144","10"
"03147","10"
"03103","10"
"03207","10"
"03178","10"
"03177","10"
"03142","10"
"03226","10"
"03196","10"
"03208","10"
"03035","10"
"03154","10"
"03239","10"
"03091","10"
"03187","10"
"03137","10"
"03034","10"
"03171","10"
"03179","10"
"03079","10"
"03132","10"
"03071","10"
"03215","10"
"03232","10"
"03234","10"
"03235","10"
"03263","10"
"03266","10"
"03284","10"
"03289","10"
"03291","10"
"03298","10"
"03299","10"
"03300","10"
"03014","10"
"07107","16"
"07223","16"
"07182","16"
"07087","16"
"07315","16"
"07153","16"
"07025","16"
"07127","16"
"07156","16"
"07178","16"
"07065","16"
"07161","16"
"07045","16"
"07173","16"
"07282","16"
"07322","16"
"07258","17"
"07160","17"
"07333","17"
"07347","17"
"07342","17"
"07197","17"
"07337","17"
"07317","17"
"07010","17"
"07321","17"
"07227","17"
"07078","17"
"07228","17"
"07041","17"
"07067","17"
"07172","17"
"07225","17"
"07265","17"
"07036","17"
"07310","17"
"07089","17"
"07313","17"
"07344","17"
"07044","17"
"07243","17"
"07056","17"
"07143","17"
"07188","17"
"07013","17"
"15085","20"
"15012","20"
"15028","20"
"15014","20"
"15074","20"
"15088","20"
"15140","20"
"15056","20"
"15160","20"
"15016","20"
"15083","20"
"15118","20"
"15096","20"
"15095","20"
"15204","20"
"15215","20"
"15221","20"
"15233","20"
"15252","20"
"15255","20"
"15257","20"
"15266","20"
"15267","20"
"15178","20"
"15113","20"
"26108","29"
"26011","29"
"26234","29"
"26183","29"
"26015","29"
"26289","29"
"26328","29"
"26080","29"
"26090","29"
"26122","29"
"26368","29"
"26296","29"
"26019","29"
"26266","29"
"69121","52"
"69059","52"
"69050","52"
"69049","52"
"69125","52"
"69020","52"
"69052","52"
"69047","52"
"69026","52"
"69056","52"
"69055","52"
"69140","52"
"69111","52"
"69212","52"
"69017","52"
"69024","52"
"69126","52"
"69122","52"
"69004","52"
"69090","52"
"69005","52"
"69134","52"
"69106","52"
"69009","52"
"69156","52"
"69114","52"
"69113","52"
"69039","52"
"69230","52"
"69239","52"
"69245","52"
"69246","52"
"69001","53"
"69102","53"
"69174","53"
"69006","53"
"69169","53"
"69181","53"
"69214","53"
"69254","53"
"69054","53"
"69160","53"
"69008","53"
"69200","53"
"69234","53"
"69157","53"
"69225","53"
"69243","53"
"69075","53"
"69037","53"
"69093","53"
"69107","53"
"69060","53"
"69188","53"
"69217","53"
"69229","53"
"69070","53"
"69248","53"
"69130","53"
"69240","53"
"69183","53"
"69066","53"
"69164","53"
"74069","61"
"74074","61"
"74101","61"
"74260","61"
"74288","61"
"74314","61"
"74044","61"
"74144","61"
"74031","61"
"74124","61"
"74201","61"
"74016","61"
"74082","61"
"74216","61"
"74243","61"
"74296","61"
"74309","61"
"74212","62"
"74042","62"
"74049","62"
"74024","62"
"74164","62"
"74312","62"
"74087","62"
"74118","63"
"74133","63"
"74008","63"
"74012","63"
"74145","63"
"74094","63"
"74040","63"
"74158","63"
"74153","63"
"74229","63"
"74298","63"
"74305","63"
"74189","64"
"74221","64"
"74169","64"
"74278","64"
"74183","64"
"74276","64"
"74264","64"
"74081","64"
"74064","64"
"74196","64"
"74159","64"
"74223","64"
"74252","64"
"74014","64"
"74190","64"
"74294","64"
"74258","64"
"74273","64"
"26116","30"
"26138","30"
"26145","30"
"26169","30"
"26235","30"
"26324","30"
"26326","30"
"26054","30"
"26033","30"
"26093","30"
"26275","30"
"26342","30"
"26345","30"
"26357","30"
"01001",
"01002",
"01004",
"01005",
"01007",
"01008",
"01010",
"01011",
"01012",
"01013",
"01014",
"01016",
"01017",
"01021",
"01023",
"01025",
"01026",
"01027",
"01028",
"01030",
"01031",
"01032",
"01033",
"01035",
"01037",
"01041",
"01042",
"01044",
"01045",
"01046",
"01047",
"01049",
"01050",
"01051",
"01052",
"01054",
"01057",
"01060",
"01062",
"01063",
"01064",
"01067",
"01071",
"01074",
"01075",
"01076",
"01078",
"01080",
"01081",
"01082",
"01083",
"01084",
"01085",
"01087",
"01088",
"01089",
"01090",
"01092",
"01093",
"01094",
"01096",
"01099",
"01101",
"01102",
"01103",
"01104",
"01105",
"01107",
"01109",
"01111",
"01112",
"01113",
"01114",
"01118",
"01121",
"01123",
"01129",
"01134",
"01135",
"01136",
"01142",
"01143",
"01146",
"01148",
"01149",
"01152",
"01153",
"01155",
"01156",
"01157",
"01158",
"01159",
"01160",
"01165",
"01166",
"01167",
"01169",
"01170",
"01171",
"01173",
"01174",
"01175",
"01179",
"01180",
"01181",
"01183",
"01185",
"01188",
"01189",
"01190",
"01191",
"01192",
"01194",
"01198",
"01202",
"01203",
"01204",
"01206",
"01207",
"01209",
"01210",
"01213",
"01214",
"01215",
"01216",
"01219",
"01224",
"01225",
"01228",
"01231",
"01233",
"01235",
"01237",
"01238",
"01240",
"01243",
"01244",
"01246",
"01247",
"01248",
"01250",
"01252",
"01255",
"01257",
"01258",
"01260",
"01261",
"01262",
"01263",
"01265",
"01267",
"01269",
"01272",
"01274",
"01276",
"01277",
"01279",
"01280",
"01281",
"01282",
"01283",
"01284",
"01285",
"01288",
"01290",
"01291",
"01293",
"01295",
"01297",
"01298",
"01299",
"01305",
"01306",
"01307",
"01308",
"01311",
"01313",
"01318",
"01319",
"01320",
"01322",
"01323",
"01325",
"01328",
"01332",
"01333",
"01334",
"01335",
"01337",
"01339",
"01342",
"01343",
"01345",
"01347",
"01348",
"01349",
"01351",
"01352",
"01353",
"01354",
"01355",
"01356",
"01357",
"01359",
"01360",
"01361",
"01362",
"01365",
"01366",
"01368",
"01370",
"01371",
"01373",
"01378",
"01379",
"01381",
"01382",
"01383",
"01384",
"01386",
"01389",
"01390",
"01392",
"01393",
"01396",
"01397",
"01398",
"01399",
"01400",
"01401",
"01402",
"01403",
"01407",
"01410",
"01411",
"01412",
"01416",
"01419",
"01420",
"01421",
"01423",
"01427",
"01428",
"01431",
"01434",
"01435",
"01436",
"01437",
"01439",
"01441",
"01443",
"01444",
"01446",
"01448",
"01449",
"01450",
"01457",
"03003",
"03005",
"03009",
"03010",
"03011",
"03013",
"03015",
"03020",
"03025",
"03026",
"03027",
"03031",
"03032",
"03037",
"03039",
"03040",
"03041",
"03047",
"03048",
"03051",
"03052",
"03054",
"03055",
"03057",
"03058",
"03063",
"03064",
"03070",
"03072",
"03073",
"03074",
"03076",
"03081",
"03082",
"03084",
"03085",
"03086",
"03087",
"03088",
"03090",
"03097",
"03104",
"03106",
"03111",
"03119",
"03120",
"03121",
"03124",
"03127",
"03128",
"03129",
"03130",
"03143",
"03146",
"03151",
"03155",
"03156",
"03158",
"03159",
"03162",
"03168",
"03172",
"03173",
"03180",
"03184",
"03186",
"03189",
"03190",
"03191",
"03193",
"03195",
"03197",
"03198",
"03200",
"03203",
"03210",
"03213",
"03217",
"03219",
"03221",
"03222",
"03225",
"03228",
"03229",
"03241",
"03243",
"03245",
"03246",
"03249",
"03256",
"03259",
"03269",
"03270",
"03275",
"03282",
"03283",
"03285",
"03286",
"03288",
"03290",
"03293",
"03296",
"03297",
"03301",
"03303",
"03305",
"03308",
"03309",
"03313",
"03315",
"03316",
"03317",
"03319",
"03321",
"07001",
"07006",
"07009",
"07012",
"07015",
"07018",
"07026",
"07032",
"07034",
"07037",
"07038",
"07042",
"07047",
"07049",
"07051",
"07054",
"07064",
"07071",
"07073",
"07075",
"07077",
"07079",
"07080",
"07082",
"07084",
"07085",
"07095",
"07099",
"07103",
"07104",
"07105",
"07106",
"07108",
"07114",
"07119",
"07120",
"07121",
"07123",
"07124",
"07128",
"07129",
"07130",
"07133",
"07136",
"07137",
"07142",
"07145",
"07150",
"07151",
"07154",
"07159",
"07165",
"07166",
"07169",
"07174",
"07175",
"07185",
"07192",
"07195",
"07200",
"07203",
"07204",
"07205",
"07206",
"07208",
"07209",
"07212",
"07215",
"07216",
"07218",
"07220",
"07222",
"07224",
"07226",
"07232",
"07234",
"07235",
"07239",
"07241",
"07242",
"07247",
"07248",
"07249",
"07250",
"07259",
"07262",
"07263",
"07264",
"07267",
"07268",
"07269",
"07273",
"07276",
"07279",
"07285",
"07286",
"07287",
"07290",
"07292",
"07294",
"07299",
"07308",
"07309",
"07311",
"07326",
"07341",
"07346",
"15003",
"15006",
"15008",
"15009",
"15010",
"15011",
"15015",
"15017",
"15018",
"15019",
"15020",
"15021",
"15024",
"15027",
"15029",
"15030",
"15031",
"15035",
"15036",
"15037",
"15038",
"15040",
"15046",
"15047",
"15049",
"15050",
"15052",
"15054",
"15057",
"15058",
"15063",
"15064",
"15066",
"15067",
"15070",
"15072",
"15075",
"15076",
"15079",
"15081",
"15082",
"15084",
"15087",
"15089",
"15090",
"15092",
"15093",
"15094",
"15103",
"15104",
"15110",
"15111",
"15116",
"15117",
"15120",
"15122",
"15123",
"15124",
"15128",
"15129",
"15131",
"15133",
"15134",
"15135",
"15137",
"15143",
"15144",
"15146",
"15147",
"15153",
"15154",
"15156",
"15157",
"15159",
"15162",
"15163",
"15165",
"15166",
"15167",
"15169",
"15170",
"15171",
"15172",
"15173",
"15174",
"15175",
"15176",
"15179",
"15180",
"15181",
"15182",
"15183",
"15184",
"15185",
"15186",
"15189",
"15190",
"15191",
"15192",
"15194",
"15196",
"15200",
"15202",
"15205",
"15206",
"15208",
"15211",
"15212",
"15214",
"15217",
"15218",
"15219",
"15220",
"15222",
"15223",
"15224",
"15226",
"15228",
"15230",
"15234",
"15236",
"15238",
"15240",
"15242",
"15243",
"15246",
"15249",
"15250",
"15254",
"15258",
"15260",
"15261",
"15264",
"15265",
"15268",
"15269",
"42018",
"42051",
"42056",
"42064",
"42124",
"42129",
"42132",
"42168",
"42191",
"42201",
"42265",
"42272",
"42326",
"42327",
"43001",
"43004",
"43005",
"43006",
"43008",
"43009",
"43011",
"43013",
"43014",
"43015",
"43017",
"43019",
"43022",
"43029",
"43031",
"43033",
"43037",
"43038",
"43040",
"43042",
"43044",
"43047",
"43050",
"43053",
"43054",
"43055",
"43056",
"43060",
"43064",
"43065",
"43066",
"43068",
"43070",
"43072",
"43074",
"43075",
"43077",
"43079",
"43082",
"43083",
"43085",
"43086",
"43088",
"43090",
"43091",
"43092",
"43094",
"43096",
"43097",
"43098",
"43099",
"43101",
"43103",
"43104",
"43109",
"43110",
"43111",
"43112",
"43113",
"43115",
"43118",
"43120",
"43121",
"43123",
"43125",
"43132",
"43133",
"43135",
"43139",
"43143",
"43144",
"43145",
"43147",
"43148",
"43149",
"43151",
"43154",
"43155",
"43156",
"43158",
"43160",
"43167",
"43168",
"43169",
"43170",
"43171",
"43173",
"43175",
"43178",
"43180",
"43182",
"43185",
"43186",
"43188",
"43191",
"43192",
"43195",
"43198",
"43200",
"43202",
"43206",
"43207",
"43210",
"43215",
"43218",
"43222",
"43225",
"43226",
"43231",
"43232",
"43234",
"43238",
"43239",
"43242",
"43245",
"43247",
"43253",
"43256",
"43258",
"43261",
"43262",
"43263",
"43264",
"63001",
"63012",
"63013",
"63020",
"63024",
"63028",
"63030",
"63033",
"63061",
"63071",
"63090",
"63095",
"63129",
"63143",
"63163",
"63176",
"63183",
"63189",
"63190",
"63192",
"63196",
"63201",
"63210",
"63219",
"63232",
"63240",
"63248",
"63257",
"63264",
"63274",
"63295",
"63305",
"63311",
"63317",
"63326",
"63332",
"63333",
"63336",
"63347",
"63370",
"63386",
"63387",
"63397",
"63400",
"63406",
"63407",
"63421",
"63426",
"63432",
"63437",
"63445",
"63446",
"63451",
"63453",
"63459",
"73242",
"74001",
"74003",
"74006",
"74009",
"74015",
"74021",
"74026",
"74027",
"74029",
"74030",
"74032",
"74033",
"74034",
"74035",
"74037",
"74038",
"74041",
"74045",
"74046",
"74050",
"74051",
"74052",
"74055",
"74056",
"74057",
"74058",
"74063",
"74065",
"74066",
"74068",
"74071",
"74072",
"74073",
"74075",
"74076",
"74077",
"74078",
"74079",
"74080",
"74083",
"74085",
"74086",
"74088",
"74089",
"74091",
"74095",
"74096",
"74098",
"74099",
"74100",
"74102",
"74103",
"74104",
"74107",
"74109",
"74114",
"74117",
"74119",
"74122",
"74123",
"74127",
"74128",
"74129",
"74130",
"74131",
"74134",
"74135",
"74136",
"74139",
"74140",
"74141",
"74143",
"74146",
"74147",
"74151",
"74152",
"74154",
"74155",
"74160",
"74161",
"74162",
"74165",
"74166",
"74167",
"74168",
"74170",
"74172",
"74173",
"74174",
"74175",
"74177",
"74178",
"74179",
"74184",
"74185",
"74188",
"74191",
"74192",
"74193",
"74195",
"74197",
"74200",
"74202",
"74203",
"74205",
"74208",
"74209",
"74211",
"74215",
"74218",
"74220",
"74222",
"74225",
"74226",
"74228",
"74231",
"74234",
"74235",
"74236",
"74237",
"74238",
"74239",
"74240",
"74241",
"74249",
"74255",
"74256",
"74257",
"74259",
"74261",
"74262",
"74265",
"74266",
"74269",
"74271",
"74272",
"74279",
"74280",
"74283",
"74284",
"74285",
"74286",
"74287",
"74289",
"74290",
"74291",
"74292",
"74295",
"74297",
"74301",
"74302",
"74304",
"74306",
"74307",
"74308",
"74311",
"74313",
