"","code_insee","code_pat"
"5","01006","3"
"8","01009","3"
"14","01015","3"
"17","01019","3"
"19","01022","3"
"21","01024","1"
"26","01029","1"
"31","01034","3"
"33","01036","3"
"35","01038","1"
"36","01040","1"
"39","01043","4"
"48","01053","1"
"50","01056","2"
"52","01058","3"
"54","01061","3"
"58","01065","1"
"59","01066","3"
"61","01068","2"
"62","01069","1"
"64","01072","1"
"65","01073","3"
"69","01077","2"
"71","01079","3"
"85","01095","1"
"87","01098","3"
"89","01100","3"
"95","01106","1"
"97","01108","1"
"99","01110","3"
"104","01115","1"
"105","01116","3"
"106","01117","3"
"110","01124","1"
"111","01125","1"
"112","01127","1"
"113","01128","1"
"115","01130","1"
"116","01133","3"
"120","01138","3"
"121","01139","1"
"122","01140","1"
"123","01141","3"
"126","01145","1"
"128","01147","1"
"131","01150","1"
"132","01151","1"
"141","01162","3"
"142","01163","1"
"152","01177","1"
"157","01184","1"
"159","01187","3"
"165","01193","3"
"167","01195","1"
"168","01196","1"
"169","01197","1"
"171","01199","2"
"172","01200","2"
"178","01208","3"
"181","01211","1"
"182","01212","1"
"190","01227","3"
"192","01229","1"
"193","01230","1"
"195","01232","1"
"197","01234","3"
"199","01236","1"
"202","01239","3"
"204","01241","1"
"205","01242","2"
"208","01245","1"
"212","01249","4"
"215","01254","1"
"219","01259","1"
"224","01264","1"
"226","01266","1"
"228","01268","3"
"231","01273","2"
"233","01275","4"
"243","01286","3"
"245","01289","1"
"249","01294","3"
"251","01296","1"
"255","01301","1"
"256","01302","3"
"257","01303","2"
"258","01304","2"
"263","01309","1"
"264","01310","3"
"267","01314","2"
"268","01317","1"
"272","01321","1"
"277","01329","3"
"278","01331","2"
"283","01336","1"
"285","01338","3"
"289","01344","1"
"291","01346","1"
"295","01350","1"
"303","01358","3"
"308","01363","2"
"309","01364","1"
"312","01367","1"
"314","01369","1"
"317","01372","3"
"319","01374","1"
"320","01375","1"
"321","01376","4"
"324","01380","1"
"329","01385","1"
"331","01387","1"
"332","01388","1"
"335","01391","1"
"346","01404","2"
"347","01405","1"
"348","01406","1"
"350","01408","1"
"354","01415","3"
"356","01418","4"
"360","01422","1"
"362","01424","4"
"363","01425","1"
"364","01426","1"
"367","01429","1"
"368","01430","2"
"370","01432","1"
"371","01433","1"
"380","01445","1"
"382","01447","1"
"386","01451","1"
"387","01452","3"
"388","01453","3"
"389","01454","3"
"390","01456","3"
"1189","03001","5"
"1190","03002","6"
"1192","03004","8"
"1194","03006","5"
"1195","03007","9"
"1196","03008","5"
"1200","03012","6"
"1202","03014","10"
"1204","03016","7"
"1205","03017","8"
"1206","03018","7"
"1207","03019","10"
"1209","03021","7"
"1210","03022","7"
"1211","03023","5"
"1212","03024","8"
"1216","03028","8"
"1217","03029","5"
"1218","03030","7"
"1221","03033","5"
"1222","03034","10"
"1223","03035","10"
"1224","03036","6"
"1226","03038","7"
"1230","03042","8"
"1231","03043","7"
"1232","03044","5"
"1233","03045","5"
"1234","03046","6"
"1237","03049","7"
"1238","03050","5"
"1241","03053","7"
"1244","03056","5"
"1247","03059","7"
"1248","03060","5"
"1249","03061","7"
"1250","03062","7"
"1253","03065","6"
"1254","03066","5"
"1255","03067","10"
"1256","03068","5"
"1257","03069","6"
"1259","03071","10"
"1263","03075","7"
"1265","03077","7"
"1266","03078","7"
"1267","03079","10"
"1268","03080","5"
"1271","03083","7"
"1277","03089","7"
"1279","03091","10"
"1280","03092","6"
"1281","03093","5"
"1282","03094","5"
"1283","03095","5"
"1284","03096","7"
"1286","03098","9"
"1287","03099","6"
"1288","03100","10"
"1289","03101","9"
"1290","03102","10"
"1291","03103","10"
"1293","03105","8"
"1295","03107","7"
"1296","03108","7"
"1297","03109","7"
"1298","03110","5"
"1300","03112","7"
"1301","03113","5"
"1302","03114","7"
"1303","03115","7"
"1304","03116","7"
"1305","03117","6"
"1306","03118","7"
"1310","03122","6"
"1312","03125","5"
"1313","03126","5"
"1318","03131","8"
"1319","03132","10"
"1320","03133","7"
"1321","03134","7"
"1322","03135","7"
"1323","03136","9"
"1324","03137","10"
"1325","03138","8"
"1326","03139","5"
"1327","03140","9"
"1328","03141","5"
"1329","03142","10"
"1331","03144","10"
"1332","03145","9"
"1334","03147","10"
"1335","03148","7"
"1336","03149","7"
"1337","03150","6"
"1339","03152","7"
"1340","03154","10"
"1343","03157","5"
"1346","03160","7"
"1347","03161","9"
"1349","03163","5"
"1350","03164","7"
"1351","03165","5"
"1352","03166","7"
"1353","03167","9"
"1355","03169","6"
"1356","03170","6"
"1357","03171","10"
"1360","03174","5"
"1361","03175","7"
"1362","03176","7"
"1363","03177","10"
"1364","03178","10"
"1365","03179","10"
"1367","03181","10"
"1368","03182","7"
"1369","03183","6"
"1371","03185","9"
"1373","03187","10"
"1374","03188","7"
"1378","03192","7"
"1380","03194","7"
"1382","03196","10"
"1386","03201","5"
"1387","03202","6"
"1389","03204","7"
"1390","03205","8"
"1391","03206","9"
"1392","03207","10"
"1393","03208","10"
"1394","03209","7"
"1396","03211","9"
"1397","03212","9"
"1399","03214","6"
"1400","03215","10"
"1401","03216","9"
"1403","03218","6"
"1405","03220","7"
"1408","03223","8"
"1409","03224","5"
"1411","03226","10"
"1412","03227","7"
"1415","03230","8"
"1416","03231","9"
"1417","03232","10"
"1418","03233","9"
"1419","03234","10"
"1420","03235","10"
"1421","03236","5"
"1422","03237","7"
"1423","03238","6"
"1424","03239","10"
"1425","03240","10"
"1427","03242","7"
"1429","03244","9"
"1432","03247","6"
"1433","03248","5"
"1435","03250","8"
"1436","03251","6"
"1437","03252","5"
"1438","03253","10"
"1439","03254","7"
"1440","03255","7"
"1442","03257","8"
"1443","03258","5"
"1445","03260","6"
"1446","03261","9"
"1447","03262","9"
"1448","03263","10"
"1449","03264","5"
"1450","03265","10"
"1451","03266","10"
"1452","03267","7"
"1453","03268","7"
"1456","03271","5"
"1457","03272","8"
"1458","03273","5"
"1459","03274","10"
"1461","03276","7"
"1462","03277","7"
"1463","03278","7"
"1464","03279","9"
"1465","03280","9"
"1466","03281","7"
"1469","03284","10"
"1472","03287","6"
"1474","03289","10"
"1476","03291","10"
"1477","03292","6"
"1479","03294","7"
"1480","03295","7"
"1483","03298","10"
"1484","03299","10"
"1485","03300","10"
"1487","03302","7"
"1489","03304","5"
"1491","03306","5"
"1492","03307","7"
"1495","03310","5"
"1496","03311","7"
"1497","03312","6"
"1499","03314","9"
"1504","03320","6"
"2030","07002","13"
"2031","07003","13"
"2032","07004","14"
"2033","07005","15"
"2035","07007","12"
"2036","07008","14"
"2038","07010","17"
"2039","07011","13"
"2041","07013","17"
"2042","07014","12"
"2044","07017","11"
"2046","07019","13"
"2047","07020","15"
"2048","07022","15"
"2049","07023","11"
"2050","07024","11"
"2051","07025","16"
"2053","07027","14"
"2054","07028","11"
"2055","07029","11"
"2056","07030","14"
"2057","07031","11"
"2059","07033","11"
"2061","07035","12"
"2062","07036","17"
"2065","07039","12"
"2066","07040","12"
"2067","07041","17"
"2069","07044","17"
"2070","07045","16"
"2072","07048","14"
"2074","07050","11"
"2076","07052","12"
"2077","07053","11"
"2079","07055","12"
"2080","07056","17"
"2081","07058","13"
"2082","07059","12"
"2083","07060","14"
"2084","07061","11"
"2085","07062","13"
"2086","07063","12"
"2088","07065","16"
"2089","07066","14"
"2090","07067","17"
"2091","07068","12"
"2092","07069","12"
"2093","07070","12"
"2095","07072","14"
"2097","07074","14"
"2099","07076","15"
"2101","07078","17"
"2104","07081","11"
"2106","07083","14"
"2109","07086","12"
"2110","07087","16"
"2111","07088","11"
"2112","07089","17"
"2113","07090","14"
"2114","07091","13"
"2115","07092","14"
"2116","07093","13"
"2117","07094","14"
"2119","07096","14"
"2120","07097","12"
"2121","07098","14"
"2123","07100","11"
"2124","07101","11"
"2125","07102","12"
"2130","07107","16"
"2132","07109","13"
"2133","07110","11"
"2134","07111","13"
"2135","07112","13"
"2136","07113","11"
"2138","07115","11"
"2139","07116","13"
"2140","07117","11"
"2141","07118","11"
"2145","07122","13"
"2148","07126","11"
"2149","07127","16"
"2153","07131","11"
"2154","07132","13"
"2156","07134","13"
"2159","07138","13"
"2160","07139","13"
"2161","07140","12"
"2162","07141","13"
"2164","07143","17"
"2165","07144","11"
"2167","07146","14"
"2168","07147","11"
"2169","07148","11"
"2170","07149","14"
"2173","07152","12"
"2174","07153","16"
"2176","07155","13"
"2177","07156","16"
"2178","07157","15"
"2179","07158","13"
"2181","07160","17"
"2182","07161","16"
"2183","07162","13"
"2184","07163","11"
"2187","07167","14"
"2188","07168","11"
"2190","07170","12"
"2191","07171","11"
"2192","07172","17"
"2193","07173","16"
"2196","07176","11"
"2197","07177","12"
"2198","07178","16"
"2199","07179","14"
"2200","07181","14"
"2201","07182","16"
"2202","07183","11"
"2203","07184","14"
"2205","07186","14"
"2206","07187","13"
"2207","07188","17"
"2208","07189","11"
"2209","07190","11"
"2210","07191","15"
"2212","07193","13"
"2213","07194","14"
"2215","07196","11"
"2216","07197","17"
"2217","07198","14"
"2218","07199","11"
"2220","07201","11"
"2221","07202","11"
"2226","07207","11"
"2229","07210","13"
"2230","07211","11"
"2232","07213","11"
"2233","07214","14"
"2236","07217","12"
"2238","07219","15"
"2240","07221","14"
"2242","07223","16"
"2244","07225","17"
"2246","07227","17"
"2247","07228","17"
"2248","07229","13"
"2249","07230","13"
"2250","07231","13"
"2252","07233","14"
"2255","07236","12"
"2256","07237","14"
"2257","07238","11"
"2259","07240","12"
"2262","07243","17"
"2263","07244","14"
"2264","07245","12"
"2269","07251","13"
"2270","07253","14"
"2271","07254","13"
"2272","07255","14"
"2273","07257","14"
"2274","07258","17"
"2276","07260","15"
"2277","07261","14"
"2281","07265","17"
"2282","07266","11"
"2286","07270","15"
"2287","07272","11"
"2289","07274","14"
"2290","07275","11"
"2292","07277","13"
"2293","07278","14"
"2295","07280","11"
"2296","07281","12"
"2297","07282","16"
"2298","07283","15"
"2299","07284","11"
"2303","07288","14"
"2304","07289","13"
"2306","07291","11"
"2308","07293","12"
"2310","07295","14"
"2311","07296","13"
"2312","07297","12"
"2313","07298","15"
"2315","07300","15"
"2316","07301","12"
"2317","07302","15"
"2318","07303","14"
"2319","07304","11"
"2320","07305","11"
"2321","07306","11"
"2322","07307","13"
"2325","07310","17"
"2327","07312","12"
"2328","07313","17"
"2329","07314","14"
"2330","07315","16"
"2331","07316","12"
"2332","07317","17"
"2333","07318","13"
"2334","07319","15"
"2335","07321","17"
"2336","07322","16"
"2337","07323","12"
"2338","07324","12"
"2339","07325","13"
"2341","07327","13"
"2342","07328","11"
"2343","07329","11"
"2344","07330","11"
"2345","07331","13"
"2346","07332","15"
"2347","07333","17"
"2348","07334","11"
"2349","07335","12"
"2350","07336","11"
"2351","07337","17"
"2352","07338","14"
"2353","07339","13"
"2354","07340","14"
"2356","07342","17"
"2357","07343","13"
"2358","07344","17"
"2359","07345","12"
"2361","07347","17"
"2362","07348","11"
"2363","07349","14"
"4930","15001","19"
"4931","15002","18"
"4933","15004","18"
"4934","15005","18"
"4936","15007","18"
"4941","15012","20"
"4942","15013","19"
"4943","15014","20"
"4945","15016","20"
"4951","15022","19"
"4953","15025","19"
"4954","15026","18"
"4956","15028","20"
"4960","15032","19"
"4961","15033","18"
"4962","15034","18"
"4968","15041","19"
"4969","15042","19"
"4970","15043","19"
"4971","15045","18"
"4974","15048","19"
"4977","15051","18"
"4979","15053","18"
"4981","15055","18"
"4982","15056","20"
"4985","15059","18"
"4986","15060","18"
"4987","15061","19"
"4990","15065","18"
"4993","15069","19"
"4996","15073","18"
"4997","15074","20"
"5000","15077","18"
"5001","15078","18"
"5003","15080","19"
"5006","15083","20"
"5008","15085","20"
"5009","15086","18"
"5011","15088","20"
"5014","15091","19"
"5018","15095","20"
"5019","15096","20"
"5020","15097","18"
"5021","15098","19"
"5022","15100","19"
"5023","15101","19"
"5024","15102","19"
"5027","15105","19"
"5028","15106","18"
"5029","15107","18"
"5030","15108","18"
"5033","15112","18"
"5034","15113","20"
"5035","15114","19"
"5038","15118","20"
"5039","15119","19"
"5041","15121","18"
"5045","15125","18"
"5046","15126","19"
"5047","15127","19"
"5050","15130","18"
"5052","15132","46"
"5057","15138","19"
"5058","15139","18"
"5059","15140","20"
"5060","15141","19"
"5061","15142","18"
"5066","15148","18"
"5067","15149","18"
"5068","15151","19"
"5069","15152","18"
"5072","15155","19"
"5075","15158","19"
"5077","15160","20"
"5078","15161","18"
"5081","15164","18"
"5085","15168","18"
"5094","15178","20"
"5103","15187","18"
"5104","15188","18"
"5111","15198","18"
"5112","15199","18"
"5114","15201","18"
"5116","15203","19"
"5117","15204","20"
"5120","15207","19"
"5122","15209","18"
"5125","15213","19"
"5127","15215","20"
"5128","15216","18"
"5133","15221","20"
"5137","15225","19"
"5140","15229","18"
"5142","15231","18"
"5143","15232","18"
"5144","15233","20"
"5146","15235","18"
"5148","15237","18"
"5151","15241","18"
"5154","15244","18"
"5155","15245","18"
"5157","15247","19"
"5158","15248","18"
"5161","15251","18"
"5162","15252","20"
"5163","15253","19"
"5165","15255","20"
"5166","15256","19"
"5167","15257","20"
"5169","15259","18"
"5172","15262","18"
"5173","15263","19"
"5176","15266","20"
"5177","15267","20"
"8927","26001","24"
"8927.1","26001","25"
"8928","26002","24"
"8929","26003","24"
"8929.1","26003","27"
"8930","26004","23"
"8930.1","26004","24"
"8931","26005","24"
"8931.1","26005","26"
"8932","26006","24"
"8932.1","26006","28"
"8933","26007","24"
"8933.1","26007","28"
"8934","26008","24"
"8934.1","26008","26"
"8935","26009","24"
"8936","26010","24"
"8937","26011","24"
"8937.1","26011","29"
"8938","26012","21"
"8938.1","26012","24"
"8938.2","26012","25"
"8939","26013","21"
"8939.1","26013","24"
"8940","26014","24"
"8940.1","26014","12"
"8941","26015","24"
"8941.1","26015","29"
"8942","26016","21"
"8942.1","26016","24"
"8943","26017","24"
"8943.1","26017","25"
"8944","26018","24"
"8945","26019","24"
"8945.1","26019","29"
"8946","26020","24"
"8946.1","26020","28"
"8947","26021","24"
"8947.1","26021","28"
"8948","26022","21"
"8948.1","26022","24"
"8949","26023","23"
"8949.1","26023","24"
"8950","26024","23"
"8950.1","26024","24"
"8951","26025","24"
"8951.1","26025","25"
"8952","26026","21"
"8952.1","26026","24"
"8953","26027","24"
"8953.1","26027","25"
"8954","26028","24"
"8954.1","26028","12"
"8955","26030","24"
"8955.1","26030","25"
"8956","26031","24"
"8956.1","26031","26"
"8957","26032","23"
"8957.1","26032","24"
"8958","26033","24"
"8958.1","26033","30"
"8959","26034","23"
"8959.1","26034","24"
"8960","26035","31"
"8960.1","26035","24"
"8960.2","26035","28"
"8961","26036","24"
"8961.1","26036","25"
"8962","26037","23"
"8962.1","26037","24"
"8963","26038","24"
"8963.1","26038","12"
"8964","26039","23"
"8964.1","26039","24"
"8965","26040","24"
"8965.1","26040","25"
"8966","26041","24"
"8967","26042","23"
"8967.1","26042","24"
"8968","26043","24"
"8969","26045","24"
"8969.1","26045","27"
"8970","26046","24"
"8971","26047","24"
"8971.1","26047","25"
"8972","26048","24"
"8973","26049","23"
"8973.1","26049","24"
"8974","26050","21"
"8974.1","26050","24"
"8975","26051","24"
"8975.1","26051","27"
"8976","26052","24"
"8976.1","26052","26"
"8977","26054","24"
"8977.1","26054","30"
"8978","26055","24"
"8978.1","26055","25"
"8979","26056","24"
"8979.1","26056","27"
"8980","26057","23"
"8980.1","26057","24"
"8981","26058","23"
"8981.1","26058","24"
"8982","26059","31"
"8982.1","26059","22"
"8982.2","26059","24"
"8983","26060","24"
"8983.1","26060","27"
"8984","26061","24"
"8984.1","26061","12"
"8985","26062","24"
"8985.1","26062","25"
"8986","26063","21"
"8986.1","26063","24"
"8987","26064","23"
"8987.1","26064","24"
"8988","26065","24"
"8988.1","26065","28"
"8989","26066","31"
"8989.1","26066","22"
"8989.2","26066","24"
"8990","26067","24"
"8990.1","26067","25"
"8991","26068","23"
"8991.1","26068","24"
"8992","26069","31"
"8992.1","26069","24"
"8992.2","26069","25"
"8993","26070","24"
"8994","26071","24"
"8994.1","26071","12"
"8995","26072","24"
"8995.1","26072","12"
"8996","26073","24"
"8997","26074","31"
"8997.1","26074","22"
"8997.2","26074","24"
"8998","26075","21"
"8998.1","26075","24"
"8999","26076","24"
"8999.1","26076","25"
"9000","26077","24"
"9000.1","26077","12"
"9001","26078","24"
"9001.1","26078","26"
"9002","26079","23"
"9002.1","26079","24"
"9003","26080","24"
"9003.1","26080","29"
"9004","26081","23"
"9004.1","26081","24"
"9005","26082","21"
"9005.1","26082","24"
"9006","26083","24"
"9007","26084","23"
"9007.1","26084","24"
"9008","26085","24"
"9008.1","26085","26"
"9009","26086","31"
"9009.1","26086","24"
"9009.2","26086","25"
"9010","26087","23"
"9010.1","26087","24"
"9011","26088","23"
"9011.1","26088","24"
"9012","26089","24"
"9013","26090","24"
"9013.1","26090","29"
"9014","26091","24"
"9015","26092","24"
"9015.1","26092","12"
"9016","26093","24"
"9016.1","26093","30"
"9017","26094","24"
"9018","26095","24"
"9018.1","26095","26"
"9019","26096","23"
"9019.1","26096","24"
"9020","26097","24"
"9020.1","26097","28"
"9021","26098","24"
"9021.1","26098","28"
"9022","26099","24"
"9023","26100","31"
"9023.1","26100","23"
"9023.2","26100","24"
"9024","26101","24"
"9024.1","26101","27"
"9025","26102","24"
"9025.1","26102","26"
"9026","26103","24"
"9027","26104","24"
"9028","26105","21"
"9028.1","26105","24"
"9029","26106","24"
"9029.1","26106","26"
"9030","26107","23"
"9030.1","26107","24"
"9031","26108","24"
"9031.1","26108","29"
"9032","26110","24"
"9032.1","26110","12"
"9033","26111","24"
"9033.1","26111","27"
"9034","26112","21"
"9034.1","26112","24"
"9035","26113","31"
"9035.1","26113","24"
"9035.2","26113","25"
"9036","26114","24"
"9036.1","26114","27"
"9037","26115","24"
"9037.1","26115","28"
"9038","26116","24"
"9038.1","26116","30"
"9039","26117","31"
"9039.1","26117","22"
"9039.2","26117","24"
"9040","26118","24"
"9041","26119","24"
"9041.1","26119","12"
"9042","26121","24"
"9042.1","26121","26"
"9043","26122","24"
"9043.1","26122","29"
"9044","26123","24"
"9044.1","26123","25"
"9045","26124","23"
"9045.1","26124","24"
"9046","26125","24"
"9046.1","26125","28"
"9047","26126","21"
"9047.1","26126","24"
"9048","26127","21"
"9048.1","26127","24"
"9049","26128","24"
"9049.1","26128","28"
"9050","26129","23"
"9050.1","26129","24"
"9051","26130","21"
"9051.1","26130","24"
"9052","26131","24"
"9052.1","26131","27"
"9053","26133","24"
"9054","26134","24"
"9054.1","26134","28"
"9055","26135","24"
"9056","26136","24"
"9056.1","26136","25"
"9057","26137","24"
"9057.1","26137","28"
"9058","26138","24"
"9058.1","26138","30"
"9059","26139","23"
"9059.1","26139","24"
"9060","26140","23"
"9060.1","26140","24"
"9061","26141","31"
"9061.1","26141","24"
"9061.2","26141","28"
"9062","26142","31"
"9062.1","26142","24"
"9062.2","26142","25"
"9063","26143","24"
"9064","26144","24"
"9064.1","26144","28"
"9065","26145","24"
"9065.1","26145","30"
"9066","26146","24"
"9067","26147","24"
"9067.1","26147","25"
"9068","26148","24"
"9069","26149","23"
"9069.1","26149","24"
"9070","26150","24"
"9071","26152","24"
"9071.1","26152","25"
"9072","26153","21"
"9072.1","26153","24"
"9073","26154","21"
"9073.1","26154","24"
"9074","26155","24"
"9075","26156","24"
"9075.1","26156","12"
"9076","26157","24"
"9076.1","26157","26"
"9077","26159","31"
"9077.1","26159","24"
"9077.2","26159","25"
"9078","26160","24"
"9079","26161","21"
"9079.1","26161","24"
"9080","26162","24"
"9081","26163","31"
"9081.1","26163","22"
"9081.2","26163","24"
"9082","26164","24"
"9082.1","26164","25"
"9083","26165","24"
"9083.1","26165","28"
"9084","26166","24"
"9084.1","26166","28"
"9085","26167","24"
"9085.1","26167","25"
"9086","26168","31"
"9086.1","26168","24"
"9086.2","26168","25"
"9087","26169","24"
"9087.1","26169","30"
"9088","26170","23"
"9088.1","26170","24"
"9089","26171","24"
"9089.1","26171","26"
"9090","26172","24"
"9091","26173","23"
"9091.1","26173","24"
"9092","26174","24"
"9092.1","26174","12"
"9093","26175","31"
"9093.1","26175","24"
"9093.2","26175","25"
"9094","26176","24"
"9094.1","26176","26"
"9095","26177","24"
"9095.1","26177","12"
"9096","26178","24"
"9096.1","26178","25"
"9097","26179","24"
"9097.1","26179","12"
"9098","26180","24"
"9099","26181","24"
"9100","26182","21"
"9100.1","26182","24"
"9101","26183","24"
"9101.1","26183","29"
"9102","26185","24"
"9102.1","26185","28"
"9103","26186","24"
"9103.1","26186","25"
"9104","26188","21"
"9104.1","26188","24"
"9105","26189","21"
"9105.1","26189","24"
"9106","26190","21"
"9106.1","26190","24"
"9107","26191","24"
"9107.1","26191","26"
"9108","26192","24"
"9109","26193","21"
"9109.1","26193","24"
"9110","26194","24"
"9110.1","26194","12"
"9111","26195","24"
"9111.1","26195","28"
"9112","26196","23"
"9112.1","26196","24"
"9113","26197","23"
"9113.1","26197","24"
"9114","26198","24"
"9114.1","26198","26"
"9115","26199","21"
"9115.1","26199","24"
"9116","26200","21"
"9116.1","26200","24"
"9117","26201","21"
"9117.1","26201","24"
"9118","26202","21"
"9118.1","26202","24"
"9118.2","26202","27"
"9119","26203","24"
"9120","26204","24"
"9120.1","26204","25"
"9121","26205","24"
"9121.1","26205","25"
"9122","26206","23"
"9122.1","26206","24"
"9123","26207","23"
"9123.1","26207","24"
"9124","26208","24"
"9124.1","26208","28"
"9125","26209","21"
"9125.1","26209","24"
"9126","26210","23"
"9126.1","26210","24"
"9127","26211","24"
"9128","26212","23"
"9128.1","26212","24"
"9129","26213","24"
"9130","26214","24"
"9130.1","26214","28"
"9131","26215","21"
"9131.1","26215","24"
"9131.2","26215","25"
"9132","26216","24"
"9133","26217","31"
"9133.1","26217","22"
"9133.2","26217","24"
"9134","26218","23"
"9134.1","26218","24"
"9135","26220","21"
"9135.1","26220","24"
"9136","26221","31"
"9136.1","26221","24"
"9136.2","26221","28"
"9137","26222","24"
"9137.1","26222","27"
"9138","26223","31"
"9138.1","26223","22"
"9138.2","26223","24"
"9139","26224","23"
"9139.1","26224","24"
"9140","26225","23"
"9140.1","26225","24"
"9141","26226","24"
"9142","26227","21"
"9142.1","26227","24"
"9143","26228","24"
"9143.1","26228","25"
"9144","26229","24"
"9145","26231","23"
"9145.1","26231","24"
"9146","26232","23"
"9146.1","26232","24"
"9147","26233","21"
"9147.1","26233","24"
"9148","26234","24"
"9148.1","26234","29"
"9149","26235","24"
"9149.1","26235","30"
"9150","26236","21"
"9150.1","26236","24"
"9151","26238","21"
"9151.1","26238","24"
"9152","26239","21"
"9152.1","26239","24"
"9153","26240","31"
"9153.1","26240","24"
"9153.2","26240","28"
"9154","26241","24"
"9154.1","26241","28"
"9155","26242","21"
"9155.1","26242","24"
"9156","26243","24"
"9156.1","26243","27"
"9157","26244","21"
"9157.1","26244","24"
"9158","26245","21"
"9158.1","26245","24"
"9159","26246","31"
"9159.1","26246","24"
"9159.2","26246","25"
"9160","26247","24"
"9161","26248","24"
"9161.1","26248","25"
"9162","26249","24"
"9162.1","26249","27"
"9163","26250","24"
"9163.1","26250","12"
"9164","26251","24"
"9164.1","26251","26"
"9165","26252","23"
"9165.1","26252","24"
"9166","26253","24"
"9166.1","26253","25"
"9167","26254","24"
"9167.1","26254","25"
"9168","26255","24"
"9168.1","26255","25"
"9169","26256","21"
"9169.1","26256","24"
"9170","26257","24"
"9170.1","26257","26"
"9171","26258","24"
"9171.1","26258","28"
"9172","26259","24"
"9173","26261","24"
"9174","26262","24"
"9174.1","26262","25"
"9175","26263","21"
"9175.1","26263","24"
"9176","26264","24"
"9177","26266","24"
"9177.1","26266","29"
"9178","26267","21"
"9178.1","26267","24"
"9179","26268","24"
"9179.1","26268","27"
"9180","26269","21"
"9180.1","26269","24"
"9181","26270","31"
"9181.1","26270","22"
"9181.2","26270","24"
"9182","26271","24"
"9182.1","26271","12"
"9183","26272","24"
"9183.1","26272","26"
"9184","26273","23"
"9184.1","26273","24"
"9185","26274","24"
"9185.1","26274","25"
"9186","26275","24"
"9186.1","26275","30"
"9187","26276","21"
"9187.1","26276","24"
"9187.2","26276","27"
"9188","26277","24"
"9188.1","26277","28"
"9189","26278","21"
"9189.1","26278","24"
"9190","26279","21"
"9190.1","26279","24"
"9191","26281","23"
"9191.1","26281","24"
"9192","26282","31"
"9192.1","26282","24"
"9192.2","26282","25"
"9193","26283","24"
"9193.1","26283","25"
"9194","26284","24"
"9195","26285","24"
"9196","26286","21"
"9196.1","26286","24"
"9197","26287","24"
"9197.1","26287","26"
"9198","26288","21"
"9198.1","26288","24"
"9199","26289","24"
"9199.1","26289","29"
"9200","26290","31"
"9200.1","26290","22"
"9200.2","26290","24"
"9201","26291","31"
"9201.1","26291","24"
"9201.2","26291","25"
"9202","26292","21"
"9202.1","26292","24"
"9203","26293","24"
"9204","26294","23"
"9204.1","26294","24"
"9205","26295","24"
"9206","26296","24"
"9206.1","26296","29"
"9207","26298","23"
"9207.1","26298","24"
"9208","26299","31"
"9208.1","26299","24"
"9208.2","26299","25"
"9209","26300","24"
"9209.1","26300","25"
"9210","26301","24"
"9210.1","26301","12"
"9211","26302","31"
"9211.1","26302","22"
"9211.2","26302","24"
"9212","26303","21"
"9212.1","26303","24"
"9213","26304","21"
"9213.1","26304","24"
"9214","26305","24"
"9214.1","26305","26"
"9215","26306","24"
"9216","26307","31"
"9216.1","26307","22"
"9216.2","26307","24"
"9217","26308","31"
"9217.1","26308","24"
"9217.2","26308","25"
"9218","26309","31"
"9218.1","26309","22"
"9218.2","26309","24"
"9219","26310","23"
"9219.1","26310","24"
"9220","26311","31"
"9220.1","26311","22"
"9220.2","26311","24"
"9221","26312","24"
"9221.1","26312","26"
"9222","26313","23"
"9222.1","26313","24"
"9223","26314","24"
"9224","26315","31"
"9224.1","26315","22"
"9224.2","26315","24"
"9225","26316","31"
"9225.1","26316","22"
"9225.2","26316","24"
"9226","26317","21"
"9226.1","26317","24"
"9227","26318","24"
"9228","26319","23"
"9228.1","26319","24"
"9229","26320","31"
"9229.1","26320","22"
"9229.2","26320","24"
"9230","26321","24"
"9230.1","26321","25"
"9231","26322","24"
"9232","26323","23"
"9232.1","26323","24"
"9233","26324","24"
"9233.1","26324","30"
"9234","26325","24"
"9235","26326","24"
"9235.1","26326","30"
"9236","26327","24"
"9236.1","26327","25"
"9237","26328","24"
"9237.1","26328","29"
"9238","26329","21"
"9238.1","26329","24"
"9239","26330","24"
"9240","26331","22"
"9240.1","26331","24"
"9241","26332","24"
"9242","26333","24"
"9243","26334","24"
"9243.1","26334","27"
"9244","26335","24"
"9245","26336","24"
"9245.1","26336","28"
"9246","26337","24"
"9246.1","26337","26"
"9247","26338","24"
"9247.1","26338","26"
"9248","26339","24"
"9248.1","26339","26"
"9249","26340","21"
"9249.1","26340","24"
"9250","26341","24"
"9250.1","26341","12"
"9251","26342","24"
"9251.1","26342","30"
"9252","26343","24"
"9252.1","26343","27"
"9253","26344","24"
"9253.1","26344","28"
"9254","26345","24"
"9254.1","26345","30"
"9255","26346","24"
"9255.1","26346","28"
"9256","26347","24"
"9256.1","26347","12"
"9257","26348","21"
"9257.1","26348","24"
"9258","26349","24"
"9259","26350","21"
"9259.1","26350","24"
"9259.2","26350","27"
"9260","26351","24"
"9260.1","26351","27"
"9261","26352","24"
"9261.1","26352","26"
"9262","26353","24"
"9262.1","26353","26"
"9263","26355","23"
"9263.1","26355","24"
"9264","26356","24"
"9264.1","26356","27"
"9265","26357","24"
"9265.1","26357","30"
"9266","26358","23"
"9266.1","26358","24"
"9267","26359","31"
"9267.1","26359","24"
"9267.2","26359","25"
"9268","26360","24"
"9269","26361","24"
"9269.1","26361","25"
"9270","26362","23"
"9270.1","26362","24"
"9271","26363","21"
"9271.1","26363","24"
"9272","26364","31"
"9272.1","26364","22"
"9272.2","26364","24"
"9273","26365","24"
"9273.1","26365","28"
"9274","26367","21"
"9274.1","26367","24"
"9275","26368","24"
"9275.1","26368","29"
"9276","26369","21"
"9276.1","26369","24"
"9277","26370","21"
"9277.1","26370","24"
"9278","26372","24"
"9279","26373","21"
"9279.1","26373","24"
"9279.2","26373","27"
"9280","26374","21"
"9280.1","26374","24"
"9281","26375","21"
"9281.1","26375","24"
"9282","26376","21"
"9282.1","26376","24"
"9283","26377","21"
"9283.1","26377","24"
"9284","26378","24"
"9284.1","26378","25"
"9285","26379","23"
"9285.1","26379","24"
"9286","26380","24"
"9286.1","26380","12"
"9287","26381","23"
"9287.1","26381","24"
"9288","26382","23"
"9288.1","26382","24"
"13988","38001","32"
"13988.1","38001","35"
"13989","38002","31"
"13989.1","38002","32"
"13990","38003","32"
"13990.1","38003","34"
"13991","38004","32"
"13992","38005","32"
"13993","38006","31"
"13993.1","38006","32"
"13994","38008","32"
"13994.1","38008","33"
"13995","38009","32"
"13995.1","38009","34"
"13996","38010","32"
"13997","38011","32"
"13998","38012","32"
"13998.1","38012","35"
"13999","38013","32"
"14000","38015","32"
"14001","38017","32"
"14001.1","38017","34"
"14002","38018","31"
"14002.1","38018","32"
"14003","38019","32"
"14003.1","38019","34"
"14004","38020","32"
"14005","38022","32"
"14006","38023","31"
"14006.1","38023","32"
"14007","38026","32"
"14008","38027","31"
"14008.1","38027","32"
"14009","38029","32"
"14009.1","38029","35"
"14010","38030","32"
"14011","38031","32"
"14011.1","38031","33"
"14012","38032","32"
"14013","38033","32"
"14014","38034","32"
"14014.1","38034","34"
"14015","38035","32"
"14016","38036","32"
"14017","38037","32"
"14017.1","38037","34"
"14018","38038","32"
"14018.1","38038","35"
"14019","38039","31"
"14019.1","38039","32"
"14020","38040","32"
"14021","38041","32"
"14022","38042","32"
"14023","38043","31"
"14023.1","38043","32"
"14024","38044","32"
"14024.1","38044","35"
"14025","38045","31"
"14025.1","38045","32"
"14026","38046","32"
"14027","38047","32"
"14027.1","38047","35"
"14028","38048","32"
"14029","38049","32"
"14030","38050","32"
"14031","38051","32"
"14031.1","38051","34"
"14032","38052","32"
"14033","38053","32"
"14034","38054","32"
"14035","38055","32"
"14036","38056","32"
"14037","38057","31"
"14037.1","38057","32"
"14038","38058","32"
"14039","38059","31"
"14039.1","38059","32"
"14040","38060","32"
"14041","38061","31"
"14041.1","38061","32"
"14042","38062","31"
"14042.1","38062","32"
"14043","38063","32"
"14044","38064","32"
"14044.1","38064","35"
"14045","38065","32"
"14046","38066","32"
"14046.1","38066","34"
"14047","38067","32"
"14048","38068","31"
"14048.1","38068","32"
"14049","38069","32"
"14050","38070","31"
"14050.1","38070","32"
"14051","38071","31"
"14051.1","38071","32"
"14052","38072","32"
"14052.1","38072","34"
"14053","38073","32"
"14053.1","38073","33"
"14054","38074","32"
"14055","38075","31"
"14055.1","38075","32"
"14056","38076","32"
"14056.1","38076","35"
"14057","38077","32"
"14057.1","38077","34"
"14058","38078","31"
"14058.1","38078","32"
"14059","38080","31"
"14059.1","38080","32"
"14060","38081","32"
"14061","38082","31"
"14061.1","38082","32"
"14062","38083","32"
"14063","38084","31"
"14063.1","38084","32"
"14064","38085","32"
"14065","38086","32"
"14066","38087","32"
"14067","38089","32"
"14067.1","38089","35"
"14068","38090","31"
"14068.1","38090","32"
"14069","38091","32"
"14070","38092","31"
"14070.1","38092","32"
"14071","38093","32"
"14072","38094","32"
"14073","38095","32"
"14074","38097","32"
"14075","38098","32"
"14075.1","38098","35"
"14076","38099","32"
"14077","38100","31"
"14077.1","38100","32"
"14078","38101","32"
"14078.1","38101","34"
"14079","38102","32"
"14080","38103","31"
"14080.1","38103","32"
"14081","38104","32"
"14081.1","38104","35"
"14082","38105","31"
"14082.1","38105","32"
"14083","38106","32"
"14083.1","38106","33"
"14084","38107","32"
"14085","38108","31"
"14085.1","38108","32"
"14086","38109","32"
"14087","38110","32"
"14088","38111","31"
"14088.1","38111","32"
"14089","38112","32"
"14090","38113","31"
"14090.1","38113","32"
"14091","38114","32"
"14091.1","38114","34"
"14092","38115","31"
"14092.1","38115","32"
"14093","38116","32"
"14093.1","38116","33"
"14094","38117","31"
"14094.1","38117","32"
"14095","38118","32"
"14096","38120","31"
"14096.1","38120","32"
"14097","38124","32"
"14098","38126","31"
"14098.1","38126","32"
"14099","38127","31"
"14099.1","38127","32"
"14100","38128","32"
"14100.1","38128","33"
"14101","38129","31"
"14101.1","38129","32"
"14102","38130","32"
"14103","38131","32"
"14104","38132","32"
"14104.1","38132","33"
"14105","38133","31"
"14105.1","38133","32"
"14106","38134","32"
"14106.1","38134","34"
"14107","38135","32"
"14108","38136","32"
"14109","38137","32"
"14110","38138","32"
"14111","38139","32"
"14112","38140","31"
"14112.1","38140","32"
"14113","38141","32"
"14114","38144","32"
"14115","38146","32"
"14116","38147","32"
"14116.1","38147","35"
"14117","38148","32"
"14117.1","38148","35"
"14118","38149","32"
"14119","38150","31"
"14119.1","38150","32"
"14120","38151","31"
"14120.1","38151","32"
"14121","38152","32"
"14122","38153","31"
"14122.1","38153","32"
"14123","38154","32"
"14123.1","38154","33"
"14124","38155","31"
"14124.1","38155","32"
"14125","38156","32"
"14126","38157","32"
"14127","38158","31"
"14127.1","38158","32"
"14128","38159","32"
"14129","38160","32"
"14130","38161","32"
"14131","38162","32"
"14131.1","38162","35"
"14132","38163","31"
"14132.1","38163","32"
"14133","38166","31"
"14133.1","38166","32"
"14134","38167","32"
"14135","38169","31"
"14135.1","38169","32"
"14136","38170","31"
"14136.1","38170","32"
"14137","38171","32"
"14138","38172","32"
"14139","38173","32"
"14140","38174","32"
"14141","38175","31"
"14141.1","38175","32"
"14142","38176","32"
"14143","38177","32"
"14144","38179","31"
"14144.1","38179","32"
"14145","38180","32"
"14146","38181","31"
"14146.1","38181","32"
"14147","38182","32"
"14148","38183","32"
"14148.1","38183","35"
"14149","38184","32"
"14150","38185","31"
"14150.1","38185","32"
"14151","38186","31"
"14151.1","38186","32"
"14152","38187","31"
"14152.1","38187","32"
"14153","38188","31"
"14153.1","38188","32"
"14154","38189","32"
"14155","38190","32"
"14156","38191","32"
"14157","38192","31"
"14157.1","38192","32"
"14158","38193","32"
"14159","38194","32"
"14160","38195","31"
"14160.1","38195","32"
"14161","38197","32"
"14162","38198","32"
"14162.1","38198","34"
"14163","38199","32"
"14164","38200","31"
"14164.1","38200","32"
"14165","38203","32"
"14165.1","38203","33"
"14166","38204","31"
"14166.1","38204","32"
"14167","38205","31"
"14167.1","38205","32"
"14168","38206","31"
"14168.1","38206","32"
"14169","38207","32"
"14169.1","38207","33"
"14170","38208","31"
"14170.1","38208","32"
"14171","38209","32"
"14172","38210","32"
"14173","38211","32"
"14174","38212","32"
"14175","38213","32"
"14176","38214","31"
"14176.1","38214","32"
"14177","38215","32"
"14178","38216","31"
"14178.1","38216","32"
"14179","38217","32"
"14179.1","38217","33"
"14180","38218","32"
"14181","38219","32"
"14182","38221","32"
"14183","38222","31"
"14183.1","38222","32"
"14184","38223","32"
"14185","38224","32"
"14185.1","38224","33"
"14186","38225","31"
"14186.1","38225","32"
"14187","38226","31"
"14187.1","38226","32"
"14188","38228","31"
"14188.1","38228","32"
"14189","38229","31"
"14189.1","38229","32"
"14190","38230","32"
"14191","38231","32"
"14192","38232","32"
"14193","38235","31"
"14193.1","38235","32"
"14194","38236","31"
"14194.1","38236","32"
"14195","38237","32"
"14196","38238","32"
"14197","38239","31"
"14197.1","38239","32"
"14198","38240","32"
"14198.1","38240","34"
"14199","38241","32"
"14199.1","38241","33"
"14200","38242","31"
"14200.1","38242","32"
"14201","38243","31"
"14201.1","38243","32"
"14202","38244","32"
"14202.1","38244","34"
"14203","38245","32"
"14204","38246","32"
"14204.1","38246","35"
"14205","38247","32"
"14206","38248","31"
"14206.1","38248","32"
"14207","38249","31"
"14207.1","38249","32"
"14208","38250","32"
"14209","38252","31"
"14209.1","38252","32"
"14210","38253","32"
"14211","38254","32"
"14211.1","38254","33"
"14212","38255","32"
"14213","38256","31"
"14213.1","38256","32"
"14214","38257","32"
"14214.1","38257","35"
"14215","38258","31"
"14215.1","38258","32"
"14216","38259","32"
"14216.1","38259","34"
"14217","38260","32"
"14218","38261","32"
"14219","38263","32"
"14220","38264","32"
"14220.1","38264","33"
"14221","38265","32"
"14221.1","38265","33"
"14222","38266","32"
"14222.1","38266","33"
"14223","38267","32"
"14224","38268","31"
"14224.1","38268","32"
"14225","38269","32"
"14225.1","38269","33"
"14226","38270","31"
"14226.1","38270","32"
"14227","38271","31"
"14227.1","38271","32"
"14228","38272","32"
"14229","38273","32"
"14229.1","38273","33"
"14230","38275","32"
"14231","38276","32"
"14232","38277","31"
"14232.1","38277","32"
"14233","38278","32"
"14234","38279","31"
"14234.1","38279","32"
"14235","38280","32"
"14235.1","38280","33"
"14236","38281","31"
"14236.1","38281","32"
"14237","38282","32"
"14238","38283","32"
"14238.1","38283","33"
"14239","38284","32"
"14240","38285","32"
"14241","38286","32"
"14242","38287","32"
"14243","38288","32"
"14244","38289","32"
"14245","38290","32"
"14245.1","38290","34"
"14246","38291","32"
"14247","38292","31"
"14247.1","38292","32"
"14248","38294","32"
"14249","38295","32"
"14250","38296","32"
"14250.1","38296","35"
"14251","38297","32"
"14252","38298","32"
"14252.1","38298","34"
"14253","38299","32"
"14253.1","38299","33"
"14254","38300","32"
"14255","38301","31"
"14255.1","38301","32"
"14256","38303","31"
"14256.1","38303","32"
"14257","38304","32"
"14257.1","38304","33"
"14258","38307","32"
"14258.1","38307","34"
"14259","38308","32"
"14260","38309","31"
"14260.1","38309","32"
"14261","38310","32"
"14262","38311","32"
"14262.1","38311","34"
"14263","38313","32"
"14263.1","38313","33"
"14264","38314","31"
"14264.1","38314","32"
"14265","38315","32"
"14265.1","38315","35"
"14266","38316","32"
"14267","38317","31"
"14267.1","38317","32"
"14268","38318","32"
"14269","38319","31"
"14269.1","38319","32"
"14270","38320","32"
"14271","38321","31"
"14271.1","38321","32"
"14272","38322","31"
"14272.1","38322","32"
"14273","38323","32"
"14273.1","38323","35"
"14274","38324","32"
"14274.1","38324","34"
"14275","38325","31"
"14275.1","38325","32"
"14276","38326","32"
"14276.1","38326","33"
"14277","38328","31"
"14277.1","38328","32"
"14278","38329","32"
"14278.1","38329","33"
"14279","38330","32"
"14280","38331","31"
"14280.1","38331","32"
"14281","38332","32"
"14282","38333","31"
"14282.1","38333","32"
"14283","38334","31"
"14283.1","38334","32"
"14284","38335","32"
"14284.1","38335","34"
"14285","38336","32"
"14286","38337","31"
"14286.1","38337","32"
"14287","38338","31"
"14287.1","38338","32"
"14288","38339","32"
"14289","38340","32"
"14289.1","38340","34"
"14290","38341","32"
"14290.1","38341","35"
"14291","38342","31"
"14291.1","38342","32"
"14292","38343","32"
"14292.1","38343","35"
"14293","38344","32"
"14293.1","38344","34"
"14294","38345","31"
"14294.1","38345","32"
"14295","38346","32"
"14296","38347","32"
"14297","38348","32"
"14298","38349","32"
"14298.1","38349","34"
"14299","38350","31"
"14299.1","38350","32"
"14300","38351","32"
"14301","38352","32"
"14302","38353","32"
"14302.1","38353","34"
"14303","38354","32"
"14303.1","38354","35"
"14304","38355","31"
"14304.1","38355","32"
"14305","38356","31"
"14305.1","38356","32"
"14306","38357","32"
"14306.1","38357","35"
"14307","38358","32"
"14308","38359","32"
"14309","38360","32"
"14310","38361","32"
"14310.1","38361","33"
"14311","38362","31"
"14311.1","38362","32"
"14312","38363","32"
"14312.1","38363","34"
"14313","38364","31"
"14313.1","38364","32"
"14314","38365","32"
"14315","38366","31"
"14315.1","38366","32"
"14316","38368","31"
"14316.1","38368","32"
"14317","38369","32"
"14317.1","38369","35"
"14318","38370","32"
"14319","38372","31"
"14319.1","38372","32"
"14320","38373","31"
"14320.1","38373","32"
"14321","38374","32"
"14322","38375","32"
"14323","38376","31"
"14323.1","38376","32"
"14324","38377","32"
"14324.1","38377","35"
"14325","38378","32"
"14325.1","38378","34"
"14326","38379","32"
"14327","38380","32"
"14328","38381","32"
"14328.1","38381","35"
"14329","38382","31"
"14329.1","38382","32"
"14330","38383","31"
"14330.1","38383","32"
"14331","38384","32"
"14332","38386","31"
"14332.1","38386","32"
"14333","38387","32"
"14334","38388","31"
"14334.1","38388","32"
"14335","38389","32"
"14336","38390","31"
"14336.1","38390","32"
"14337","38391","31"
"14337.1","38391","32"
"14338","38392","32"
"14339","38393","32"
"14340","38394","32"
"14341","38395","31"
"14341.1","38395","32"
"14342","38396","32"
"14342.1","38396","33"
"14343","38397","31"
"14343.1","38397","32"
"14344","38398","32"
"14344.1","38398","35"
"14345","38399","32"
"14346","38400","31"
"14346.1","38400","32"
"14347","38401","32"
"14347.1","38401","35"
"14348","38402","32"
"14348.1","38402","33"
"14349","38403","31"
"14349.1","38403","32"
"14350","38404","31"
"14350.1","38404","32"
"14351","38405","31"
"14351.1","38405","32"
"14352","38406","32"
"14352.1","38406","34"
"14353","38407","31"
"14353.1","38407","32"
"14354","38408","32"
"14355","38409","31"
"14355.1","38409","32"
"14356","38410","32"
"14357","38412","31"
"14357.1","38412","32"
"14358","38413","32"
"14358.1","38413","33"
"14359","38414","32"
"14359.1","38414","33"
"14360","38415","32"
"14361","38416","32"
"14362","38417","31"
"14362.1","38417","32"
"14363","38418","31"
"14363.1","38418","32"
"14364","38419","31"
"14364.1","38419","32"
"14365","38420","32"
"14365.1","38420","35"
"14366","38421","31"
"14366.1","38421","32"
"14367","38422","31"
"14367.1","38422","32"
"14368","38423","31"
"14368.1","38423","32"
"14369","38424","31"
"14369.1","38424","32"
"14370","38425","32"
"14370.1","38425","34"
"14371","38426","31"
"14371.1","38426","32"
"14372","38427","32"
"14373","38428","32"
"14373.1","38428","33"
"14374","38429","31"
"14374.1","38429","32"
"14375","38430","31"
"14375.1","38430","32"
"14376","38431","31"
"14376.1","38431","32"
"14377","38432","31"
"14377.1","38432","32"
"14378","38433","31"
"14378.1","38433","32"
"14379","38434","32"
"14379.1","38434","35"
"14380","38436","31"
"14380.1","38436","32"
"14381","38437","32"
"14382","38438","31"
"14382.1","38438","32"
"14383","38439","31"
"14383.1","38439","32"
"14384","38440","32"
"14385","38442","31"
"14385.1","38442","32"
"14386","38443","31"
"14386.1","38443","32"
"14387","38444","32"
"14387.1","38444","33"
"14388","38445","31"
"14388.1","38445","32"
"14389","38446","31"
"14389.1","38446","32"
"14390","38448","32"
"14390.1","38448","34"
"14391","38449","32"
"14392","38450","31"
"14392.1","38450","32"
"14393","38451","32"
"14394","38452","32"
"14394.1","38452","34"
"14395","38453","31"
"14395.1","38453","32"
"14396","38454","32"
"14397","38455","32"
"14398","38456","31"
"14398.1","38456","32"
"14399","38457","32"
"14400","38458","32"
"14401","38459","32"
"14402","38460","31"
"14402.1","38460","32"
"14403","38462","32"
"14403.1","38462","33"
"14404","38463","32"
"14405","38464","32"
"14405.1","38464","35"
"14406","38465","32"
"14407","38466","31"
"14407.1","38466","32"
"14408","38467","32"
"14409","38468","32"
"14409.1","38468","34"
"14410","38469","32"
"14410.1","38469","33"
"14411","38470","32"
"14411.1","38470","33"
"14412","38471","31"
"14412.1","38471","32"
"14413","38472","31"
"14413.1","38472","32"
"14414","38473","32"
"14415","38474","31"
"14415.1","38474","32"
"14416","38475","32"
"14417","38476","32"
"14418","38478","31"
"14418.1","38478","32"
"14419","38479","32"
"14420","38480","32"
"14421","38481","32"
"14422","38483","32"
"14423","38484","32"
"14424","38485","31"
"14424.1","38485","32"
"14425","38486","31"
"14425.1","38486","32"
"14426","38487","32"
"14427","38488","32"
"14428","38489","32"
"14428.1","38489","33"
"14429","38490","32"
"14430","38492","31"
"14430.1","38492","32"
"14431","38494","32"
"14432","38495","32"
"14433","38496","32"
"14433.1","38496","34"
"14434","38497","32"
"14434.1","38497","33"
"14435","38498","32"
"14436","38499","32"
"14436.1","38499","33"
"14437","38500","32"
"14438","38501","31"
"14438.1","38501","32"
"14439","38503","31"
"14439.1","38503","32"
"14440","38504","31"
"14440.1","38504","32"
"14441","38505","32"
"14442","38507","32"
"14443","38508","32"
"14443.1","38508","35"
"14444","38509","32"
"14444.1","38509","35"
"14445","38511","31"
"14445.1","38511","32"
"14446","38512","32"
"14447","38513","31"
"14447.1","38513","32"
"14448","38514","31"
"14448.1","38514","32"
"14449","38515","32"
"14450","38516","31"
"14450.1","38516","32"
"14451","38517","31"
"14451.1","38517","32"
"14452","38518","32"
"14452.1","38518","33"
"14453","38519","32"
"14454","38520","32"
"14454.1","38520","35"
"14455","38521","32"
"14455.1","38521","33"
"14456","38522","32"
"14456.1","38522","33"
"14457","38523","32"
"14458","38524","31"
"14458.1","38524","32"
"14459","38525","32"
"14460","38526","32"
"14461","38527","32"
"14462","38528","31"
"14462.1","38528","32"
"14463","38529","31"
"14463.1","38529","32"
"14464","38530","32"
"14465","38531","31"
"14465.1","38531","32"
"14466","38532","32"
"14467","38533","31"
"14467.1","38533","32"
"14468","38535","32"
"14469","38536","32"
"14469.1","38536","34"
"14470","38537","32"
"14471","38538","31"
"14471.1","38538","32"
"14472","38539","32"
"14473","38540","31"
"14473.1","38540","32"
"14474","38542","32"
"14475","38543","32"
"14476","38544","32"
"14477","38545","31"
"14477.1","38545","32"
"14478","38546","32"
"14479","38547","31"
"14479.1","38547","32"
"14480","38548","31"
"14480.1","38548","32"
"14481","38549","32"
"14482","38550","32"
"14483","38551","32"
"14484","38552","32"
"14484.1","38552","33"
"14485","38553","32"
"14486","38554","32"
"14487","38555","32"
"14488","38556","32"
"14488.1","38556","34"
"14489","38557","32"
"14490","38558","32"
"14491","38559","32"
"14492","38560","32"
"14492.1","38560","35"
"14493","38561","32"
"14494","38562","31"
"14494.1","38562","32"
"14495","38563","31"
"14495.1","38563","32"
"14496","38564","31"
"14496.1","38564","32"
"14497","38565","31"
"14497.1","38565","32"
"14498","38566","31"
"14498.1","38566","32"
"14499","38567","31"
"14499.1","38567","32"
"15586","42001","38"
"15587","42002","37"
"15588","42003","36"
"15589","42005","38"
"15590","42006","37"
"15591","42007","36"
"15592","42008","36"
"15593","42009","37"
"15594","42010","40"
"15595","42011","40"
"15596","42012","37"
"15597","42013","40"
"15598","42014","36"
"15599","42015","36"
"15600","42016","36"
"15601","42017","39"
"15603","42019","37"
"15604","42020","37"
"15605","42021","37"
"15606","42022","37"
"15607","42023","39"
"15608","42025","36"
"15609","42026","36"
"15610","42027","36"
"15611","42028","39"
"15612","42029","40"
"15613","42030","37"
"15614","42031","38"
"15615","42032","38"
"15616","42033","36"
"15617","42034","37"
"15618","42035","37"
"15619","42036","38"
"15620","42037","37"
"15621","42038","37"
"15622","42039","43"
"15622.1","42039","37"
"15623","42040","43"
"15623.1","42040","37"
"15624","42041","40"
"15625","42042","37"
"15626","42043","38"
"15627","42044","38"
"15628","42045","43"
"15628.1","42045","37"
"15629","42046","37"
"15630","42047","36"
"15631","42048","36"
"15632","42049","36"
"15633","42050","37"
"15635","42052","36"
"15636","42053","38"
"15637","42054","37"
"15638","42055","50"
"15640","42058","37"
"15641","42059","40"
"15642","42060","37"
"15643","42061","36"
"15644","42062","50"
"15645","42063","36"
"15647","42065","40"
"15648","42066","40"
"15649","42067","39"
"15650","42068","36"
"15651","42069","36"
"15652","42070","36"
"15653","42071","36"
"15654","42073","40"
"15655","42074","36"
"15656","42075","37"
"15657","42076","36"
"15658","42077","36"
"15659","42078","36"
"15660","42079","36"
"15661","42081","40"
"15662","42083","38"
"15663","42084","37"
"15664","42085","38"
"15665","42086","36"
"15666","42087","37"
"15667","42088","40"
"15668","42089","37"
"15669","42090","40"
"15670","42091","37"
"15671","42092","38"
"15672","42093","38"
"15673","42094","40"
"15674","42095","38"
"15675","42096","38"
"15676","42097","38"
"15677","42098","36"
"15678","42099","38"
"15679","42100","38"
"15680","42101","39"
"15681","42102","50"
"15682","42103","38"
"15683","42104","36"
"15684","42105","37"
"15685","42106","36"
"15686","42107","37"
"15687","42108","37"
"15688","42110","38"
"15689","42112","36"
"15690","42113","40"
"15691","42115","39"
"15692","42116","36"
"15693","42117","37"
"15694","42118","36"
"15695","42119","37"
"15696","42120","36"
"15697","42121","43"
"15697.1","42121","37"
"15698","42122","37"
"15699","42123","38"
"15701","42125","36"
"15702","42126","37"
"15703","42127","36"
"15704","42128","36"
"15706","42130","37"
"15707","42131","36"
"15709","42133","38"
"15710","42134","37"
"15711","42135","40"
"15712","42136","37"
"15713","42137","37"
"15714","42138","50"
"15715","42139","39"
"15716","42140","37"
"15717","42141","36"
"15718","42142","37"
"15719","42143","40"
"15720","42145","36"
"15721","42146","37"
"15722","42147","37"
"15723","42148","40"
"15724","42149","40"
"15725","42150","37"
"15726","42151","37"
"15727","42152","36"
"15728","42153","36"
"15729","42154","40"
"15730","42155","40"
"15731","42156","36"
"15732","42157","36"
"15733","42158","36"
"15734","42159","43"
"15734.1","42159","37"
"15735","42160","36"
"15736","42161","36"
"15737","42162","36"
"15738","42163","36"
"15739","42164","37"
"15740","42165","40"
"15741","42166","36"
"15742","42167","38"
"15744","42169","37"
"15745","42170","36"
"15746","42171","40"
"15747","42172","39"
"15748","42173","36"
"15749","42174","40"
"15750","42175","40"
"15751","42176","36"
"15752","42177","36"
"15753","42178","36"
"15754","42179","37"
"15755","42180","37"
"15756","42181","36"
"15757","42182","36"
"15758","42183","38"
"15759","42184","36"
"15760","42185","40"
"15761","42186","38"
"15762","42187","36"
"15763","42188","37"
"15764","42189","38"
"15766","42192","38"
"15767","42193","40"
"15768","42194","36"
"15769","42195","37"
"15770","42196","40"
"15771","42197","37"
"15772","42198","36"
"15773","42199","36"
"15774","42200","40"
"15776","42202","40"
"15777","42203","36"
"15778","42204","37"
"15779","42205","43"
"15779.1","42205","37"
"15780","42206","38"
"15781","42207","38"
"15782","42208","38"
"15783","42209","40"
"15784","42210","38"
"15785","42211","37"
"15786","42212","36"
"15787","42213","40"
"15788","42214","40"
"15789","42215","36"
"15790","42216","50"
"15791","42217","37"
"15792","42218","38"
"15793","42219","37"
"15794","42220","36"
"15795","42221","37"
"15796","42222","38"
"15797","42223","38"
"15798","42224","39"
"15799","42225","38"
"15800","42226","36"
"15801","42227","37"
"15802","42228","37"
"15803","42229","36"
"15804","42230","36"
"15805","42231","36"
"15806","42232","36"
"15807","42233","36"
"15808","42234","38"
"15809","42235","37"
"15810","42236","36"
"15811","42237","38"
"15812","42238","37"
"15813","42239","36"
"15814","42240","37"
"15815","42241","40"
"15816","42242","38"
"15817","42243","36"
"15818","42245","37"
"15819","42246","39"
"15820","42247","37"
"15821","42248","36"
"15822","42249","36"
"15823","42251","40"
"15824","42253","36"
"15825","42254","40"
"15826","42255","36"
"15827","42256","37"
"15828","42257","36"
"15829","42259","38"
"15830","42260","36"
"15831","42261","40"
"15832","42262","38"
"15833","42264","40"
"15835","42266","38"
"15836","42267","36"
"15837","42268","36"
"15838","42269","37"
"15839","42270","38"
"15840","42271","38"
"15842","42273","36"
"15843","42274","36"
"15844","42275","38"
"15845","42276","36"
"15846","42277","36"
"15847","42278","37"
"15848","42279","37"
"15849","42280","39"
"15850","42281","36"
"15851","42282","36"
"15852","42283","38"
"15853","42284","36"
"15854","42285","37"
"15855","42286","39"
"15856","42287","39"
"15857","42288","37"
"15858","42289","36"
"15859","42290","37"
"15860","42293","36"
"15861","42294","36"
"15862","42295","36"
"15863","42296","40"
"15864","42297","40"
"15865","42298","43"
"15865.1","42298","37"
"15866","42299","37"
"15867","42300","36"
"15868","42301","37"
"15869","42302","38"
"15870","42303","36"
"15871","42304","37"
"15872","42305","38"
"15873","42306","39"
"15874","42307","38"
"15875","42308","38"
"15876","42310","39"
"15877","42311","38"
"15878","42312","37"
"15879","42313","37"
"15880","42314","36"
"15881","42315","37"
"15882","42316","38"
"15883","42317","36"
"15884","42318","37"
"15885","42319","40"
"15886","42320","38"
"15887","42321","37"
"15888","42322","38"
"15889","42323","40"
"15890","42324","37"
"15891","42325","36"
"15894","42328","37"
"15895","42329","39"
"15896","42330","38"
"15897","42331","36"
"15898","42332","36"
"15899","42333","36"
"15900","42334","40"
"15901","42335","50"
"15902","42336","50"
"15903","42337","36"
"15904","42338","36"
"15905","42339","36"
"15907","43002","42"
"15908","43003","43"
"15908.1","43003","42"
"15912","43007","41"
"15915","43010","42"
"15917","43012","41"
"15921","43016","43"
"15923","43018","42"
"15925","43020","41"
"15926","43021","42"
"15928","43023","43"
"15928.1","43023","42"
"15929","43024","41"
"15930","43025","41"
"15931","43026","42"
"15932","43027","43"
"15933","43028","41"
"15935","43030","42"
"15937","43032","42"
"15939","43034","41"
"15940","43035","43"
"15940.1","43035","42"
"15941","43036","42"
"15944","43039","42"
"15946","43041","42"
"15948","43043","42"
"15950","43045","42"
"15951","43046","42"
"15953","43048","43"
"15953.1","43048","42"
"15954","43049","42"
"15956","43051","41"
"15957","43052","43"
"15962","43057","43"
"15962.1","43057","42"
"15963","43058","41"
"15964","43059","43"
"15964.1","43059","42"
"15966","43061","42"
"15967","43062","42"
"15968","43063","43"
"15972","43067","43"
"15974","43069","41"
"15976","43071","43"
"15976.1","43071","42"
"15978","43073","43"
"15978.1","43073","42"
"15981","43076","43"
"15981.1","43076","42"
"15983","43078","42"
"15985","43080","42"
"15988","43084","42"
"15991","43087","41"
"15993","43089","42"
"15997","43093","43"
"15997.1","43093","42"
"15999","43095","42"
"16004","43100","43"
"16006","43102","41"
"16009","43105","43"
"16010","43106","43"
"16011","43107","43"
"16012","43108","43"
"16012.1","43108","42"
"16018","43114","41"
"16020","43116","43"
"16020.1","43116","42"
"16021","43117","43"
"16023","43119","42"
"16026","43122","42"
"16028","43124","42"
"16030","43126","42"
"16031","43127","41"
"16032","43128","43"
"16032.1","43128","42"
"16033","43129","41"
"16034","43130","41"
"16035","43131","43"
"16038","43134","42"
"16040","43136","42"
"16041","43137","41"
"16042","43138","43"
"16042.1","43138","42"
"16044","43140","42"
"16045","43141","41"
"16046","43142","41"
"16053","43150","42"
"16055","43152","42"
"16056","43153","41"
"16060","43157","42"
"16062","43159","41"
"16064","43162","41"
"16065","43163","41"
"16066","43164","42"
"16067","43165","42"
"16068","43166","41"
"16074","43172","41"
"16076","43174","42"
"16078","43177","41"
"16081","43181","42"
"16083","43183","43"
"16084","43184","41"
"16087","43187","42"
"16089","43189","43"
"16089.1","43189","42"
"16090","43190","42"
"16093","43193","43"
"16094","43194","42"
"16096","43196","43"
"16096.1","43196","42"
"16097","43197","42"
"16099","43199","41"
"16101","43201","42"
"16103","43203","41"
"16104","43204","41"
"16105","43205","41"
"16108","43208","43"
"16110","43211","41"
"16111","43212","41"
"16112","43213","41"
"16113","43214","43"
"16115","43216","42"
"16116","43217","42"
"16118","43219","43"
"16119","43220","42"
"16120","43221","42"
"16122","43223","41"
"16123","43224","41"
"16126","43227","41"
"16127","43228","43"
"16127.1","43228","42"
"16128","43229","42"
"16129","43230","42"
"16132","43233","42"
"16134","43236","41"
"16135","43237","43"
"16135.1","43237","42"
"16138","43240","41"
"16139","43241","42"
"16141","43244","41"
"16143","43246","41"
"16145","43249","41"
"16146","43250","43"
"16147","43251","42"
"16148","43252","43"
"16150","43254","42"
"16152","43257","42"
"16154","43259","42"
"16155","43260","42"
"16160","43265","41"
"16161","43267","42"
"16162","43268","41"
"24344","63002","43"
"24345","63003","43"
"24346","63004","45"
"24347","63005","44"
"24348","63006","44"
"24349","63007","44"
"24350","63008","43"
"24351","63009","44"
"24352","63010","43"
"24353","63011","45"
"24356","63014","43"
"24357","63015","43"
"24358","63016","43"
"24359","63017","44"
"24360","63019","43"
"24362","63021","43"
"24363","63022","44"
"24364","63023","43"
"24366","63025","45"
"24367","63026","43"
"24368","63027","43"
"24370","63029","43"
"24370.1","63029","44"
"24372","63031","44"
"24373","63032","43"
"24375","63034","43"
"24376","63035","45"
"24377","63036","44"
"24378","63037","43"
"24379","63038","46"
"24380","63039","43"
"24381","63040","43"
"24382","63041","45"
"24383","63042","43"
"24384","63043","45"
"24385","63044","43"
"24386","63045","43"
"24387","63046","44"
"24388","63047","46"
"24389","63048","45"
"24390","63049","43"
"24391","63050","44"
"24392","63051","44"
"24393","63052","44"
"24394","63053","45"
"24395","63054","44"
"24396","63055","45"
"24397","63056","43"
"24398","63057","43"
"24399","63058","43"
"24400","63059","43"
"24401","63060","45"
"24403","63062","45"
"24404","63063","43"
"24405","63064","45"
"24406","63065","43"
"24407","63066","43"
"24408","63067","45"
"24409","63069","43"
"24410","63070","43"
"24412","63072","43"
"24413","63073","44"
"24414","63074","44"
"24415","63075","43"
"24416","63076","43"
"24417","63077","46"
"24418","63079","43"
"24418.1","63079","44"
"24419","63080","44"
"24420","63081","43"
"24421","63082","45"
"24422","63083","43"
"24423","63084","43"
"24424","63085","45"
"24425","63086","43"
"24426","63087","44"
"24427","63088","43"
"24427.1","63088","44"
"24428","63089","43"
"24430","63091","44"
"24431","63092","43"
"24432","63093","45"
"24433","63094","45"
"24435","63096","43"
"24436","63097","44"
"24437","63098","46"
"24438","63099","43"
"24439","63100","45"
"24440","63101","45"
"24441","63102","43"
"24442","63103","43"
"24443","63104","43"
"24444","63105","43"
"24445","63106","43"
"24446","63107","43"
"24447","63108","43"
"24448","63109","44"
"24449","63110","45"
"24450","63111","44"
"24451","63112","43"
"24452","63113","43"
"24453","63114","44"
"24454","63115","45"
"24455","63116","45"
"24456","63117","46"
"24457","63118","45"
"24458","63119","43"
"24459","63120","43"
"24460","63121","44"
"24461","63122","44"
"24462","63123","43"
"24463","63124","43"
"24464","63125","43"
"24465","63126","43"
"24466","63128","43"
"24468","63130","45"
"24469","63131","43"
"24470","63132","43"
"24471","63134","44"
"24472","63135","45"
"24473","63136","43"
"24474","63137","43"
"24475","63138","43"
"24476","63139","43"
"24477","63140","45"
"24478","63141","43"
"24479","63142","43"
"24481","63144","46"
"24482","63145","43"
"24482.1","63145","44"
"24483","63146","43"
"24484","63147","43"
"24485","63148","43"
"24486","63149","43"
"24487","63150","43"
"24488","63151","43"
"24489","63152","45"
"24490","63153","46"
"24491","63154","43"
"24492","63155","43"
"24493","63156","43"
"24493.1","63156","44"
"24494","63157","43"
"24495","63158","43"
"24496","63159","45"
"24497","63160","44"
"24498","63161","43"
"24499","63162","43"
"24501","63164","43"
"24502","63165","45"
"24503","63166","44"
"24504","63167","45"
"24505","63168","43"
"24506","63169","46"
"24507","63170","45"
"24508","63171","45"
"24509","63172","44"
"24510","63173","43"
"24511","63174","43"
"24512","63175","45"
"24514","63177","43"
"24515","63178","44"
"24516","63179","43"
"24517","63180","43"
"24518","63181","45"
"24519","63182","44"
"24521","63184","43"
"24522","63185","44"
"24523","63186","45"
"24524","63187","45"
"24525","63188","43"
"24528","63191","45"
"24530","63193","43"
"24531","63194","43"
"24532","63195","43"
"24534","63197","45"
"24535","63198","45"
"24536","63199","44"
"24537","63200","43"
"24539","63202","44"
"24540","63203","43"
"24541","63204","43"
"24542","63205","43"
"24543","63206","45"
"24544","63207","43"
"24545","63208","45"
"24546","63209","44"
"24548","63211","43"
"24549","63212","43"
"24550","63213","43"
"24551","63214","43"
"24552","63215","43"
"24553","63216","43"
"24554","63218","43"
"24556","63220","44"
"24557","63221","43"
"24558","63222","44"
"24559","63223","45"
"24560","63224","43"
"24561","63225","45"
"24562","63226","43"
"24563","63227","43"
"24564","63228","45"
"24565","63229","43"
"24566","63230","43"
"24567","63231","43"
"24569","63233","45"
"24570","63234","44"
"24571","63235","45"
"24572","63236","46"
"24573","63237","45"
"24574","63238","45"
"24575","63239","43"
"24577","63241","44"
"24578","63242","44"
"24579","63243","45"
"24580","63244","43"
"24581","63245","43"
"24582","63246","46"
"24583","63247","46"
"24585","63249","43"
"24586","63250","44"
"24587","63251","45"
"24588","63252","43"
"24589","63253","43"
"24590","63254","43"
"24591","63255","44"
"24592","63256","43"
"24594","63258","43"
"24595","63259","43"
"24596","63260","43"
"24597","63261","44"
"24598","63262","43"
"24599","63263","43"
"24601","63265","43"
"24602","63267","43"
"24603","63268","44"
"24604","63269","44"
"24605","63270","44"
"24606","63271","43"
"24607","63272","43"
"24608","63273","43"
"24610","63275","44"
"24611","63276","43"
"24612","63277","44"
"24613","63278","43"
"24614","63279","46"
"24615","63280","43"
"24616","63281","45"
"24617","63282","44"
"24618","63283","45"
"24619","63284","43"
"24620","63285","45"
"24621","63286","45"
"24622","63287","44"
"24623","63288","45"
"24624","63289","45"
"24625","63290","43"
"24626","63291","43"
"24627","63292","45"
"24628","63293","45"
"24629","63294","45"
"24631","63296","43"
"24632","63297","43"
"24633","63298","43"
"24634","63299","44"
"24635","63300","43"
"24636","63301","43"
"24637","63302","43"
"24638","63303","44"
"24639","63304","45"
"24641","63306","43"
"24642","63307","43"
"24643","63308","43"
"24644","63309","43"
"24645","63310","43"
"24647","63312","43"
"24648","63313","44"
"24649","63314","43"
"24650","63315","43"
"24652","63318","45"
"24653","63319","43"
"24654","63320","45"
"24655","63321","44"
"24656","63322","43"
"24657","63323","43"
"24658","63324","43"
"24659","63325","43"
"24661","63327","43"
"24662","63328","43"
"24663","63329","45"
"24664","63331","43"
"24667","63334","43"
"24668","63335","46"
"24670","63337","43"
"24671","63338","45"
"24672","63339","45"
"24673","63340","43"
"24673.1","63340","44"
"24674","63341","43"
"24675","63342","44"
"24676","63343","43"
"24677","63344","45"
"24678","63345","43"
"24679","63346","46"
"24681","63348","43"
"24681.1","63348","44"
"24682","63349","45"
"24683","63350","43"
"24684","63351","45"
"24685","63352","44"
"24686","63353","43"
"24687","63354","45"
"24688","63355","43"
"24689","63356","44"
"24690","63357","44"
"24691","63358","45"
"24692","63359","45"
"24693","63360","45"
"24694","63362","43"
"24695","63363","45"
"24696","63364","43"
"24697","63365","43"
"24698","63366","43"
"24698.1","63366","44"
"24699","63367","43"
"24699.1","63367","44"
"24700","63368","43"
"24701","63369","45"
"24703","63371","43"
"24704","63372","43"
"24705","63373","45"
"24706","63374","43"
"24707","63375","44"
"24708","63376","44"
"24709","63377","45"
"24710","63378","43"
"24711","63379","45"
"24712","63380","46"
"24713","63381","43"
"24714","63382","45"
"24715","63383","46"
"24716","63384","43"
"24717","63385","45"
"24720","63388","45"
"24721","63389","43"
"24721.1","63389","44"
"24722","63390","45"
"24723","63391","45"
"24724","63392","44"
"24725","63393","43"
"24726","63394","43"
"24727","63395","43"
"24728","63396","43"
"24730","63398","43"
"24731","63399","45"
"24733","63401","46"
"24734","63402","43"
"24735","63403","44"
"24736","63404","44"
"24737","63405","43"
"24740","63408","45"
"24741","63409","44"
"24742","63410","45"
"24743","63411","44"
"24744","63412","43"
"24745","63413","43"
"24746","63414","43"
"24747","63415","43"
"24747.1","63415","44"
"24748","63416","45"
"24749","63417","43"
"24750","63418","43"
"24751","63419","45"
"24752","63420","43"
"24754","63422","44"
"24755","63423","43"
"24755.1","63423","44"
"24756","63424","43"
"24757","63425","43"
"24759","63427","45"
"24760","63428","45"
"24761","63429","44"
"24762","63430","43"
"24763","63431","43"
"24765","63433","45"
"24766","63434","43"
"24767","63435","44"
"24768","63436","45"
"24770","63438","43"
"24771","63439","43"
"24771.1","63439","44"
"24772","63440","46"
"24773","63441","43"
"24774","63442","43"
"24774.1","63442","44"
"24775","63443","43"
"24776","63444","44"
"24779","63447","45"
"24780","63448","43"
"24780.1","63448","44"
"24781","63449","46"
"24782","63450","45"
"24784","63452","44"
"24786","63454","43"
"24787","63455","43"
"24788","63456","44"
"24789","63457","43"
"24790","63458","44"
"24792","63460","45"
"24793","63461","43"
"24794","63462","45"
"24795","63463","43"
"24796","63464","45"
"24797","63465","43"
"24798","63466","44"
"24799","63467","45"
"24800","63468","43"
"24801","63469","43"
"24802","63470","43"
"24803","63471","45"
"24804","63472","43"
"24805","63473","45"
"26926","69001","51"
"26926.1","69001","53"
"26927","69002","49"
"26927.1","69002","51"
"26928","69003","47"
"26929","69004","51"
"26929.1","69004","52"
"26930","69005","51"
"26930.1","69005","52"
"26931","69006","51"
"26931.1","69006","53"
"26932","69007","51"
"26933","69008","51"
"26933.1","69008","53"
"26934","69009","51"
"26934.1","69009","52"
"26935","69010","48"
"26935.1","69010","51"
"26936","69012","49"
"26936.1","69012","51"
"26937","69013","51"
"26938","69014","50"
"26938.1","69014","51"
"26939","69016","49"
"26939.1","69016","51"
"26940","69017","51"
"26940.1","69017","52"
"26941","69018","49"
"26941.1","69018","51"
"26942","69019","49"
"26942.1","69019","51"
"26943","69020","48"
"26943.1","69020","51"
"26943.2","69020","52"
"26944","69021","48"
"26944.1","69021","51"
"26945","69022","48"
"26945.1","69022","51"
"26946","69023","51"
"26947","69024","51"
"26947.1","69024","52"
"26948","69026","51"
"26948.1","69026","52"
"26949","69027","48"
"26949.1","69027","51"
"26950","69028","48"
"26950.1","69028","51"
"26951","69029","47"
"26952","69030","50"
"26952.1","69030","51"
"26953","69031","50"
"26953.1","69031","51"
"26954","69032","48"
"26954.1","69032","51"
"26955","69033","47"
"26956","69034","47"
"26957","69035","49"
"26957.1","69035","51"
"26958","69036","49"
"26958.1","69036","51"
"26959","69037","51"
"26959.1","69037","53"
"26960","69038","50"
"26960.1","69038","51"
"26961","69039","51"
"26961.1","69039","52"
"26962","69040","47"
"26963","69042","50"
"26963.1","69042","51"
"26964","69043","48"
"26964.1","69043","51"
"26965","69044","47"
"26966","69045","49"
"26966.1","69045","51"
"26967","69046","47"
"26968","69047","51"
"26968.1","69047","52"
"26969","69049","51"
"26969.1","69049","52"
"26970","69050","51"
"26970.1","69050","52"
"26971","69051","48"
"26971.1","69051","51"
"26972","69052","51"
"26972.1","69052","52"
"26973","69053","49"
"26973.1","69053","51"
"26974","69054","51"
"26974.1","69054","53"
"26975","69055","51"
"26975.1","69055","52"
"26976","69056","51"
"26976.1","69056","52"
"26977","69057","48"
"26977.1","69057","51"
"26978","69058","49"
"26978.1","69058","51"
"26979","69059","51"
"26979.1","69059","52"
"26980","69060","51"
"26980.1","69060","53"
"26981","69061","51"
"26982","69062","50"
"26982.1","69062","51"
"26983","69063","47"
"26984","69064","51"
"26985","69065","49"
"26985.1","69065","51"
"26986","69066","51"
"26986.1","69066","53"
"26987","69067","48"
"26987.1","69067","51"
"26988","69068","47"
"26989","69069","47"
"26990","69070","51"
"26990.1","69070","53"
"26991","69071","47"
"26992","69072","47"
"26993","69074","51"
"26994","69075","51"
"26994.1","69075","53"
"26995","69076","48"
"26995.1","69076","51"
"26996","69077","49"
"26996.1","69077","51"
"26997","69078","50"
"26997.1","69078","51"
"26998","69080","51"
"26999","69081","47"
"27000","69082","49"
"27000.1","69082","51"
"27001","69083","48"
"27001.1","69083","51"
"27002","69084","49"
"27002.1","69084","51"
"27003","69085","47"
"27004","69086","48"
"27004.1","69086","51"
"27005","69087","47"
"27006","69088","47"
"27007","69089","47"
"27008","69090","51"
"27008.1","69090","52"
"27009","69091","47"
"27010","69092","51"
"27011","69093","51"
"27011.1","69093","53"
"27012","69094","48"
"27012.1","69094","51"
"27013","69095","50"
"27013.1","69095","51"
"27014","69096","47"
"27015","69097","51"
"27016","69098","50"
"27016.1","69098","51"
"27017","69099","50"
"27017.1","69099","51"
"27018","69100","47"
"27019","69102","51"
"27019.1","69102","53"
"27020","69103","49"
"27020.1","69103","51"
"27021","69104","49"
"27021.1","69104","51"
"27022","69105","51"
"27023","69106","51"
"27023.1","69106","52"
"27024","69107","51"
"27024.1","69107","53"
"27025","69108","49"
"27025.1","69108","51"
"27026","69109","49"
"27026.1","69109","51"
"27027","69110","50"
"27027.1","69110","51"
"27028","69111","51"
"27028.1","69111","52"
"27029","69112","48"
"27029.1","69112","51"
"27030","69113","51"
"27030.1","69113","52"
"27031","69114","51"
"27031.1","69114","52"
"27032","69115","51"
"27033","69116","47"
"27034","69117","47"
"27035","69118","51"
"27036","69119","51"
"27037","69120","50"
"27037.1","69120","51"
"27038","69121","51"
"27038.1","69121","52"
"27039","69122","51"
"27039.1","69122","52"
"27040","69123","47"
"27041","69124","49"
"27041.1","69124","51"
"27042","69125","51"
"27042.1","69125","52"
"27043","69126","51"
"27043.1","69126","52"
"27044","69127","47"
"27045","69130","51"
"27045.1","69130","53"
"27046","69131","48"
"27046.1","69131","51"
"27047","69132","50"
"27047.1","69132","51"
"27048","69133","48"
"27048.1","69133","51"
"27049","69134","51"
"27049.1","69134","52"
"27050","69135","49"
"27050.1","69135","51"
"27051","69136","48"
"27051.1","69136","51"
"27052","69137","51"
"27053","69138","50"
"27053.1","69138","51"
"27054","69139","50"
"27054.1","69139","51"
"27055","69140","51"
"27055.1","69140","52"
"27056","69141","48"
"27056.1","69141","51"
"27057","69142","47"
"27058","69143","47"
"27059","69145","49"
"27059.1","69145","51"
"27060","69148","48"
"27060.1","69148","51"
"27061","69149","47"
"27062","69151","51"
"27063","69153","47"
"27064","69154","48"
"27064.1","69154","51"
"27065","69155","50"
"27065.1","69155","51"
"27066","69156","51"
"27066.1","69156","52"
"27067","69157","51"
"27067.1","69157","53"
"27068","69160","51"
"27068.1","69160","53"
"27069","69161","49"
"27069.1","69161","51"
"27070","69162","49"
"27070.1","69162","51"
"27071","69163","47"
"27072","69164","51"
"27072.1","69164","53"
"27073","69165","49"
"27073.1","69165","51"
"27074","69166","48"
"27074.1","69166","51"
"27075","69167","51"
"27076","69168","47"
"27077","69169","51"
"27077.1","69169","53"
"27078","69170","48"
"27078.1","69170","51"
"27079","69171","48"
"27079.1","69171","51"
"27080","69172","51"
"27081","69173","48"
"27081.1","69173","51"
"27082","69174","51"
"27082.1","69174","53"
"27083","69175","48"
"27083.1","69175","51"
"27084","69176","48"
"27084.1","69176","51"
"27085","69177","48"
"27085.1","69177","51"
"27086","69178","50"
"27086.1","69178","51"
"27087","69179","48"
"27087.1","69179","51"
"27088","69180","48"
"27088.1","69180","51"
"27089","69181","51"
"27089.1","69181","53"
"27090","69182","49"
"27090.1","69182","51"
"27091","69183","51"
"27091.1","69183","53"
"27092","69184","50"
"27092.1","69184","51"
"27093","69186","49"
"27093.1","69186","51"
"27094","69187","50"
"27094.1","69187","51"
"27095","69188","51"
"27095.1","69188","53"
"27096","69189","51"
"27097","69190","48"
"27097.1","69190","51"
"27098","69191","47"
"27099","69192","51"
"27100","69193","51"
"27101","69194","47"
"27102","69196","49"
"27102.1","69196","51"
"27103","69197","51"
"27104","69198","49"
"27104.1","69198","51"
"27105","69199","47"
"27106","69200","51"
"27106.1","69200","53"
"27107","69201","50"
"27107.1","69201","51"
"27108","69202","47"
"27109","69203","50"
"27109.1","69203","51"
"27110","69204","47"
"27111","69205","47"
"27112","69206","49"
"27112.1","69206","51"
"27113","69207","47"
"27114","69208","48"
"27114.1","69208","51"
"27115","69209","49"
"27115.1","69209","51"
"27116","69212","51"
"27116.1","69212","52"
"27117","69214","51"
"27117.1","69214","53"
"27118","69215","51"
"27119","69216","48"
"27119.1","69216","51"
"27120","69217","51"
"27120.1","69217","53"
"27121","69218","49"
"27121.1","69218","51"
"27122","69219","48"
"27122.1","69219","51"
"27123","69220","50"
"27123.1","69220","51"
"27124","69225","51"
"27124.1","69225","53"
"27125","69227","50"
"27125.1","69227","51"
"27126","69228","48"
"27126.1","69228","51"
"27127","69229","51"
"27127.1","69229","53"
"27128","69230","51"
"27128.1","69230","52"
"27129","69231","48"
"27129.1","69231","51"
"27130","69233","47"
"27131","69234","51"
"27131.1","69234","53"
"27132","69235","51"
"27133","69236","51"
"27134","69238","50"
"27134.1","69238","51"
"27135","69239","51"
"27135.1","69239","52"
"27136","69240","51"
"27136.1","69240","53"
"27137","69241","48"
"27137.1","69241","51"
"27138","69242","49"
"27138.1","69242","51"
"27139","69243","51"
"27139.1","69243","53"
"27140","69244","47"
"27141","69245","51"
"27141.1","69245","52"
"27142","69246","51"
"27142.1","69246","52"
"27143","69248","51"
"27143.1","69248","53"
"27144","69249","48"
"27144.1","69249","51"
"27145","69250","47"
"27146","69252","51"
"27147","69253","51"
"27148","69254","51"
"27148.1","69254","53"
"27149","69255","48"
"27149.1","69255","51"
"27150","69256","47"
"27151","69257","51"
"27152","69258","49"
"27152.1","69258","51"
"27153","69259","47"
"27154","69260","47"
"27155","69261","49"
"27155.1","69261","51"
"27156","69263","50"
"27156.1","69263","51"
"27157","69264","51"
"27158","69265","51"
"27159","69266","47"
"27160","69267","49"
"27160.1","69267","51"
"27161","69268","48"
"27161.1","69268","51"
"27162","69269","48"
"27162.1","69269","51"
"27163","69270","51"
"27164","69271","47"
"27165","69272","51"
"27166","69273","47"
"27167","69275","47"
"27168","69276","47"
"27169","69277","51"
"27170","69278","47"
"27171","69279","47"
"27172","69280","51"
"27173","69281","51"
"27174","69282","47"
"27175","69283","47"
"27176","69284","47"
"27177","69285","51"
"27178","69286","47"
"27179","69287","51"
"27180","69288","51"
"27181","69289","51"
"27182","69290","47"
"27183","69291","51"
"27184","69292","47"
"27185","69293","47"
"27186","69294","51"
"27187","69295","51"
"27188","69296","47"
"27189","69297","51"
"27190","69298","51"
"27191","69299","51"
"28643","73001","55"
"28644","73003","55"
"28645","73004","55"
"28646","73005","55"
"28647","73006","55"
"28648","73007","55"
"28649","73008","54"
"28649.1","73008","55"
"28650","73010","54"
"28650.1","73010","55"
"28651","73011","55"
"28651.1","73011","56"
"28652","73012","55"
"28653","73013","55"
"28654","73014","55"
"28654.1","73014","56"
"28655","73015","55"
"28656","73017","31"
"28656.1","73017","55"
"28656.2","73017","57"
"28657","73018","55"
"28657.1","73018","57"
"28658","73019","55"
"28659","73020","55"
"28660","73021","55"
"28660.1","73021","57"
"28661","73022","31"
"28661.1","73022","55"
"28662","73023","55"
"28663","73024","55"
"28664","73025","55"
"28665","73026","55"
"28666","73027","55"
"28667","73028","55"
"28668","73029","55"
"28669","73030","55"
"28670","73031","55"
"28671","73032","55"
"28671.1","73032","56"
"28672","73033","31"
"28672.1","73033","55"
"28673","73034","55"
"28673.1","73034","56"
"28674","73036","55"
"28675","73039","55"
"28676","73040","55"
"28677","73041","55"
"28677.1","73041","57"
"28678","73042","55"
"28679","73043","54"
"28679.1","73043","55"
"28680","73047","55"
"28681","73048","55"
"28681.1","73048","56"
"28682","73049","55"
"28683","73050","54"
"28683.1","73050","55"
"28684","73051","54"
"28684.1","73051","55"
"28685","73052","55"
"28685.1","73052","57"
"28686","73053","55"
"28686.1","73053","57"
"28687","73054","55"
"28688","73055","55"
"28689","73057","55"
"28690","73058","55"
"28691","73059","54"
"28691.1","73059","55"
"28692","73061","55"
"28692.1","73061","56"
"28693","73063","55"
"28693.1","73063","56"
"28694","73064","55"
"28695","73065","55"
"28696","73067","55"
"28697","73068","55"
"28697.1","73068","57"
"28698","73069","55"
"28698.1","73069","57"
"28699","73070","55"
"28700","73071","55"
"28701","73072","55"
"28701.1","73072","57"
"28702","73073","54"
"28702.1","73073","55"
"28703","73074","55"
"28704","73075","55"
"28704.1","73075","57"
"28705","73076","54"
"28705.1","73076","55"
"28706","73077","55"
"28707","73078","55"
"28708","73079","55"
"28708.1","73079","57"
"28709","73081","55"
"28710","73082","55"
"28710.1","73082","57"
"28711","73083","55"
"28712","73084","55"
"28712.1","73084","57"
"28713","73085","54"
"28713.1","73085","55"
"28714","73086","55"
"28714.1","73086","56"
"28715","73087","31"
"28715.1","73087","55"
"28716","73088","55"
"28716.1","73088","56"
"28717","73089","55"
"28717.1","73089","57"
"28718","73090","55"
"28719","73091","54"
"28719.1","73091","55"
"28720","73092","31"
"28720.1","73092","55"
"28721","73094","55"
"28721.1","73094","56"
"28722","73095","55"
"28722.1","73095","57"
"28723","73096","55"
"28723.1","73096","57"
"28724","73097","55"
"28725","73098","55"
"28726","73099","55"
"28726.1","73099","57"
"28727","73100","55"
"28728","73101","55"
"28729","73103","54"
"28729.1","73103","55"
"28730","73104","55"
"28731","73105","31"
"28731.1","73105","55"
"28732","73106","55"
"28733","73107","31"
"28733.1","73107","55"
"28734","73109","55"
"28735","73110","55"
"28735.1","73110","56"
"28736","73113","55"
"28737","73114","55"
"28737.1","73114","56"
"28738","73116","55"
"28739","73117","55"
"28740","73119","55"
"28741","73120","55"
"28741.1","73120","57"
"28742","73121","55"
"28742.1","73121","56"
"28743","73122","55"
"28744","73123","55"
"28744.1","73123","56"
"28745","73124","55"
"28745.1","73124","56"
"28746","73128","54"
"28746.1","73128","55"
"28747","73129","55"
"28747.1","73129","56"
"28748","73130","55"
"28748.1","73130","56"
"28749","73131","55"
"28750","73132","55"
"28750.1","73132","56"
"28751","73133","55"
"28751.1","73133","57"
"28752","73135","55"
"28753","73137","55"
"28754","73138","55"
"28755","73139","55"
"28756","73140","55"
"28757","73141","55"
"28757.1","73141","57"
"28758","73142","55"
"28759","73145","55"
"28760","73146","55"
"28761","73147","55"
"28762","73149","55"
"28763","73150","55"
"28764","73151","31"
"28764.1","73151","55"
"28764.2","73151","57"
"28765","73152","55"
"28766","73153","55"
"28766.1","73153","56"
"28767","73154","55"
"28767.1","73154","56"
"28768","73155","54"
"28768.1","73155","55"
"28769","73156","55"
"28770","73157","55"
"28771","73159","55"
"28771.1","73159","57"
"28772","73160","31"
"28772.1","73160","55"
"28773","73161","55"
"28774","73162","55"
"28774.1","73162","56"
"28775","73164","54"
"28775.1","73164","55"
"28776","73166","55"
"28776.1","73166","57"
"28777","73168","55"
"28778","73170","55"
"28778.1","73170","56"
"28779","73171","55"
"28779.1","73171","57"
"28780","73173","55"
"28781","73175","55"
"28782","73176","55"
"28783","73177","55"
"28784","73178","55"
"28785","73179","55"
"28786","73180","54"
"28786.1","73180","55"
"28787","73181","55"
"28788","73182","54"
"28788.1","73182","55"
"28789","73183","31"
"28789.1","73183","55"
"28789.2","73183","57"
"28790","73184","55"
"28791","73186","55"
"28791.1","73186","56"
"28792","73187","55"
"28793","73188","55"
"28793.1","73188","56"
"28794","73189","55"
"28795","73190","55"
"28796","73191","55"
"28797","73192","55"
"28798","73193","54"
"28798.1","73193","55"
"28799","73194","55"
"28800","73196","55"
"28800.1","73196","56"
"28801","73197","55"
"28802","73200","55"
"28802.1","73200","57"
"28803","73201","55"
"28804","73202","55"
"28804.1","73202","56"
"28805","73204","55"
"28806","73205","55"
"28806.1","73205","57"
"28807","73206","55"
"28808","73207","55"
"28808.1","73207","57"
"28809","73208","54"
"28809.1","73208","55"
"28810","73210","55"
"28811","73211","55"
"28811.1","73211","56"
"28812","73212","55"
"28813","73213","55"
"28814","73214","55"
"28815","73215","55"
"28815.1","73215","57"
"28816","73216","55"
"28816.1","73216","56"
"28817","73217","55"
"28817.1","73217","57"
"28818","73218","54"
"28818.1","73218","55"
"28819","73219","55"
"28820","73220","55"
"28821","73221","55"
"28822","73222","55"
"28823","73223","55"
"28824","73224","55"
"28825","73225","31"
"28825.1","73225","55"
"28826","73226","55"
"28827","73227","55"
"28828","73228","31"
"28828.1","73228","55"
"28829","73229","31"
"28829.1","73229","55"
"28830","73230","55"
"28831","73231","55"
"28832","73232","55"
"28833","73233","31"
"28833.1","73233","55"
"28834","73234","55"
"28835","73235","55"
"28836","73236","55"
"28837","73237","55"
"28838","73240","55"
"28838.1","73240","57"
"28839","73241","55"
"28839.1","73241","56"
"28841","73243","55"
"28842","73245","55"
"28843","73246","31"
"28843.1","73246","55"
"28844","73247","55"
"28844.1","73247","57"
"28845","73248","55"
"28846","73249","55"
"28847","73250","55"
"28848","73252","55"
"28849","73253","55"
"28850","73254","55"
"28851","73255","55"
"28852","73256","55"
"28853","73257","55"
"28854","73258","55"
"28855","73259","55"
"28856","73261","55"
"28857","73262","55"
"28857.1","73262","56"
"28858","73263","54"
"28858.1","73263","55"
"28859","73265","54"
"28859.1","73265","55"
"28860","73267","55"
"28861","73268","55"
"28861.1","73268","56"
"28862","73269","55"
"28863","73270","55"
"28863.1","73270","57"
"28864","73271","55"
"28865","73272","55"
"28866","73273","54"
"28866.1","73273","55"
"28867","73274","31"
"28867.1","73274","55"
"28868","73275","31"
"28868.1","73275","55"
"28869","73276","55"
"28869.1","73276","57"
"28870","73277","55"
"28871","73278","55"
"28872","73280","55"
"28873","73281","55"
"28874","73282","31"
"28874.1","73282","55"
"28875","73283","55"
"28875.1","73283","56"
"28876","73284","55"
"28877","73285","55"
"28878","73286","54"
"28878.1","73286","55"
"28879","73288","55"
"28880","73289","55"
"28880.1","73289","57"
"28881","73290","55"
"28882","73292","55"
"28882.1","73292","56"
"28883","73293","55"
"28884","73294","55"
"28885","73296","55"
"28886","73297","55"
"28886.1","73297","56"
"28887","73298","55"
"28887.1","73298","56"
"28888","73299","55"
"28889","73300","54"
"28889.1","73300","55"
"28890","73301","54"
"28890.1","73301","55"
"28891","73302","55"
"28891.1","73302","57"
"28892","73303","55"
"28892.1","73303","56"
"28893","73304","55"
"28894","73306","55"
"28895","73307","55"
"28896","73308","55"
"28896.1","73308","56"
"28897","73309","55"
"28898","73310","55"
"28899","73311","55"
"28899.1","73311","57"
"28900","73312","55"
"28900.1","73312","56"
"28901","73313","55"
"28902","73314","55"
"28902.1","73314","57"
"28903","73315","55"
"28903.1","73315","57"
"28904","73316","55"
"28904.1","73316","57"
"28905","73317","55"
"28905.1","73317","56"
"28906","73318","55"
"28907","73320","55"
"28908","73322","55"
"28909","73323","55"
"28910","73324","55"
"28910.1","73324","57"
"28911","73326","31"
"28911.1","73326","55"
"28912","73327","54"
"28912.1","73327","55"
"28913","73328","54"
"28913.1","73328","55"
"28914","73329","54"
"28914.1","73329","55"
"28915","73330","55"
"28917","74002","59"
"28919","74004","59"
"28920","74005","58"
"28922","74007","60"
"28923","74008","63"
"28925","74010","59"
"28926","74012","63"
"28927","74013","58"
"28928","74014","64"
"28930","74016","61"
"28931","74018","60"
"28932","74019","59"
"28933","74020","58"
"28935","74024","62"
"28936","74025","58"
"28941","74031","61"
"28946","74036","59"
"28949","74040","63"
"28951","74042","62"
"28952","74043","58"
"28953","74044","61"
"28956","74048","58"
"28957","74049","62"
"28961","74053","58"
"28962","74054","59"
"28967","74059","60"
"28968","74060","59"
"28969","74061","59"
"28970","74062","59"
"28972","74064","64"
"28975","74067","59"
"28977","74069","61"
"28978","74070","58"
"28982","74074","61"
"28989","74081","64"
"28990","74082","61"
"28994","74087","62"
"28997","74090","60"
"28999","74094","63"
"29002","74097","59"
"29006","74101","61"
"29010","74105","58"
"29011","74106","58"
"29013","74108","59"
"29015","74111","59"
"29016","74112","59"
"29018","74116","60"
"29020","74118","63"
"29022","74121","58"
"29025","74124","61"
"29026","74126","58"
"29032","74133","63"
"29036","74137","59"
"29037","74138","59"
"29041","74142","59"
"29043","74144","61"
"29044","74145","63"
"29047","74148","59"
"29048","74150","58"
"29051","74153","63"
"29054","74156","58"
"29055","74157","58"
"29056","74158","63"
"29057","74159","64"
"29061","74163","58"
"29062","74164","62"
"29067","74169","64"
"29069","74171","58"
"29074","74176","59"
"29078","74180","58"
"29079","74183","64"
"29082","74186","59"
"29084","74189","64"
"29085","74190","64"
"29089","74194","59"
"29091","74196","64"
"29093","74198","59"
"29094","74199","58"
"29096","74201","61"
"29100","74206","58"
"29103","74210","58"
"29105","74212","62"
"29106","74213","59"
"29108","74216","61"
"29110","74219","59"
"29112","74221","64"
"29114","74223","64"
"29115","74224","60"
"29119","74229","63"
"29121","74232","59"
"29122","74233","59"
"29131","74242","59"
"29132","74243","61"
"29133","74244","60"
"29135","74250","60"
"29136","74252","64"
"29137","74253","60"
"29138","74254","59"
"29142","74258","64"
"29144","74260","61"
"29147","74263","58"
"29148","74264","64"
"29151","74267","59"
"29155","74273","64"
"29156","74275","59"
"29157","74276","64"
"29158","74278","64"
"29161","74281","58"
"29162","74282","59"
"29168","74288","61"
"29173","74293","58"
"29174","74294","64"
"29176","74296","61"
"29178","74298","63"
"29179","74299","59"
"29182","74303","59"
"29184","74305","63"
"29188","74309","61"
"29189","74310","59"
"29191","74312","62"
"29193","74314","61"
"29194","74315","58"
